employee_id,department,job_role,location
EMP0001,Engineering,Researcher,College Station
EMP0002,Finance,Manager,College Station
EMP0003,Marketing,Researcher,Austin
EMP0004,Engineering,Researcher,Dallas
EMP0005,Research,Manager,Austin
EMP0006,Operations,Engineer,Dallas
EMP0007,Marketing,Analyst,Dallas
EMP0008,Engineering,Analyst,Austin
EMP0009,Engineering,Engineer,Austin
EMP0010,Engineering,Researcher,Dallas
EMP0011,Research,Manager,Houston
EMP0012,Operations,Manager,Dallas
EMP0013,Operations,Engineer,College Station
EMP0014,Finance,Manager,Dallas
EMP0015,Finance,Coordinator,College Station
EMP0016,Marketing,Researcher,Austin
EMP0017,HR,Coordinator,Houston
EMP0018,HR,Coordinator,College Station
EMP0019,Engineering,Researcher,Austin
EMP0020,Research,Manager,College Station
EMP0021,Engineering,Researcher,Dallas
EMP0022,Research,Engineer,Dallas
EMP0023,Engineering,Analyst,Houston
EMP0024,Engineering,Manager,Houston
EMP0025,Research,Analyst,Austin
EMP0026,Engineering,Analyst,College Station
EMP0027,Marketing,Researcher,Houston
EMP0028,Marketing,Coordinator,College Station
EMP0029,Engineering,Engineer,Dallas
EMP0030,Operations,Researcher,Houston
EMP0031,Research,Analyst,Dallas
EMP0032,Research,Engineer,College Station
EMP0033,Finance,Coordinator,College Station
EMP0034,Marketing,Engineer,College Station
EMP0035,Engineering,Coordinator,Houston
EMP0036,Engineering,Researcher,College Station
EMP0037,Engineering,Analyst,Dallas
EMP0038,Research,Analyst,Dallas
EMP0039,Research,Researcher,College Station
EMP0040,HR,Manager,Austin
EMP0041,Marketing,Manager,Houston
EMP0042,Marketing,Manager,Austin
EMP0043,Marketing,Manager,Houston
EMP0044,Marketing,Coordinator,Dallas
EMP0045,Marketing,Manager,Dallas
EMP0046,Engineering,Analyst,Dallas
EMP0047,Engineering,Coordinator,Dallas
EMP0048,Research,Coordinator,Dallas
EMP0049,Marketing,Analyst,Dallas
EMP0050,Research,Engineer,Houston
EMP0051,Engineering,Coordinator,College Station
EMP0052,Marketing,Coordinator,Houston
EMP0053,Engineering,Analyst,Houston
EMP0054,Engineering,Analyst,College Station
EMP0055,Engineering,Manager,College Station
EMP0056,Engineering,Manager,Austin
EMP0057,Research,Researcher,Houston
EMP0058,Finance,Manager,Austin
EMP0059,Operations,Researcher,Austin
EMP0060,Marketing,Engineer,College Station
EMP0061,Marketing,Manager,Austin
EMP0062,Marketing,Analyst,College Station
EMP0063,Engineering,Manager,College Station
EMP0064,Research,Analyst,College Station
EMP0065,HR,Manager,Houston
EMP0066,Operations,Engineer,College Station
EMP0067,Marketing,Analyst,Austin
EMP0068,Engineering,Analyst,College Station
EMP0069,Research,Manager,Austin
EMP0070,Finance,Researcher,Dallas
EMP0071,Engineering,Analyst,Austin
EMP0072,Finance,Manager,Dallas
EMP0073,HR,Engineer,Houston
EMP0074,Operations,Researcher,Dallas
EMP0075,Operations,Manager,College Station
EMP0076,HR,Researcher,Houston
EMP0077,Engineering,Engineer,Houston
EMP0078,Research,Analyst,College Station
EMP0079,Marketing,Manager,Dallas
EMP0080,Operations,Coordinator,Dallas
EMP0081,Engineering,Researcher,College Station
EMP0082,Research,Researcher,Houston
EMP0083,Finance,Researcher,Houston
EMP0084,Engineering,Coordinator,Dallas
EMP0085,Marketing,Engineer,Austin
EMP0086,Engineering,Manager,Austin
EMP0087,Engineering,Analyst,Austin
EMP0088,Operations,Manager,Austin
EMP0089,Finance,Engineer,Houston
EMP0090,Research,Analyst,Austin
EMP0091,Finance,Engineer,Houston
EMP0092,Operations,Manager,College Station
EMP0093,Marketing,Engineer,College Station
EMP0094,Operations,Researcher,Dallas
EMP0095,Operations,Manager,Austin
EMP0096,Marketing,Researcher,College Station
EMP0097,Research,Coordinator,Austin
EMP0098,Finance,Analyst,Houston
EMP0099,Engineering,Engineer,Houston
EMP0100,Operations,Coordinator,Austin
EMP0101,Research,Manager,Houston
EMP0102,Engineering,Engineer,Austin
EMP0103,Marketing,Manager,Austin
EMP0104,Research,Researcher,College Station
EMP0105,Operations,Engineer,College Station
EMP0106,Research,Analyst,Dallas
EMP0107,Marketing,Engineer,College Station
EMP0108,Operations,Researcher,College Station
EMP0109,Finance,Coordinator,College Station
EMP0110,Research,Researcher,Austin
EMP0111,Finance,Researcher,Dallas
EMP0112,Operations,Analyst,Houston
EMP0113,Marketing,Engineer,College Station
EMP0114,Operations,Analyst,College Station
EMP0115,Operations,Analyst,Dallas
EMP0116,Marketing,Researcher,Austin
EMP0117,Research,Researcher,College Station
EMP0118,Marketing,Analyst,Dallas
EMP0119,Operations,Coordinator,Dallas
EMP0120,Finance,Manager,College Station
EMP0121,Marketing,Analyst,Houston
EMP0122,Marketing,Researcher,Dallas
EMP0123,Engineering,Researcher,Austin
EMP0124,Engineering,Manager,Dallas
EMP0125,Operations,Coordinator,College Station
EMP0126,Operations,Engineer,Dallas
EMP0127,Operations,Coordinator,Houston
EMP0128,Engineering,Manager,Dallas
EMP0129,Finance,Researcher,College Station
EMP0130,Engineering,Analyst,College Station
EMP0131,HR,Analyst,Houston
EMP0132,Research,Researcher,College Station
EMP0133,Engineering,Engineer,Houston
EMP0134,Operations,Engineer,Dallas
EMP0135,Engineering,Coordinator,Houston
EMP0136,Engineering,Analyst,College Station
EMP0137,Engineering,Manager,College Station
EMP0138,Finance,Engineer,Austin
EMP0139,Operations,Analyst,Houston
EMP0140,Research,Researcher,Austin
EMP0141,Engineering,Analyst,Houston
EMP0142,Marketing,Analyst,Houston
EMP0143,Operations,Coordinator,Dallas
EMP0144,Research,Researcher,College Station
EMP0145,Operations,Analyst,College Station
EMP0146,Engineering,Coordinator,Austin
EMP0147,Operations,Manager,Austin
EMP0148,Finance,Researcher,Austin
EMP0149,Research,Analyst,College Station
EMP0150,Finance,Researcher,Houston
EMP0151,Operations,Coordinator,Houston
EMP0152,Engineering,Researcher,College Station
EMP0153,Marketing,Engineer,College Station
EMP0154,Research,Researcher,Austin
EMP0155,Operations,Coordinator,Austin
EMP0156,Marketing,Analyst,Dallas
EMP0157,Research,Researcher,Dallas
EMP0158,Research,Coordinator,Houston
EMP0159,Finance,Engineer,Austin
EMP0160,Marketing,Manager,Dallas
EMP0161,Marketing,Engineer,Austin
EMP0162,Operations,Manager,Austin
EMP0163,Finance,Researcher,Austin
EMP0164,Engineering,Researcher,Austin
EMP0165,Research,Engineer,Houston
EMP0166,Research,Researcher,Dallas
EMP0167,Research,Manager,Dallas
EMP0168,Research,Coordinator,Dallas
EMP0169,Operations,Coordinator,Houston
EMP0170,HR,Manager,College Station
EMP0171,HR,Manager,Houston
EMP0172,Marketing,Manager,Houston
EMP0173,Marketing,Researcher,Houston
EMP0174,Engineering,Engineer,Houston
EMP0175,Operations,Engineer,Austin
EMP0176,Finance,Engineer,College Station
EMP0177,Engineering,Analyst,Austin
EMP0178,Operations,Engineer,Dallas
EMP0179,Marketing,Analyst,Houston
EMP0180,Engineering,Analyst,Dallas
EMP0181,HR,Coordinator,Austin
EMP0182,Research,Analyst,College Station
EMP0183,Engineering,Manager,Austin
EMP0184,Engineering,Coordinator,Austin
EMP0185,Finance,Coordinator,College Station
EMP0186,HR,Manager,Houston
EMP0187,HR,Analyst,Austin
EMP0188,Engineering,Researcher,College Station
EMP0189,HR,Researcher,College Station
EMP0190,Engineering,Coordinator,Austin
EMP0191,Finance,Analyst,Dallas
EMP0192,Research,Analyst,Dallas
EMP0193,Engineering,Engineer,Austin
EMP0194,Engineering,Analyst,Austin
EMP0195,Marketing,Researcher,Austin
EMP0196,Operations,Engineer,Austin
EMP0197,Research,Engineer,Dallas
EMP0198,Research,Researcher,Dallas
EMP0199,Engineering,Researcher,Austin
EMP0200,Engineering,Engineer,Dallas
EMP0201,HR,Engineer,Austin
EMP0202,Engineering,Manager,College Station
EMP0203,Research,Coordinator,Austin
EMP0204,Operations,Researcher,College Station
EMP0205,Engineering,Researcher,Houston
EMP0206,HR,Researcher,College Station
EMP0207,Engineering,Analyst,Houston
EMP0208,Marketing,Engineer,Dallas
EMP0209,Marketing,Manager,Houston
EMP0210,Marketing,Analyst,Dallas
EMP0211,Operations,Engineer,Austin
EMP0212,Operations,Analyst,Dallas
EMP0213,Research,Researcher,Dallas
EMP0214,Research,Analyst,Austin
EMP0215,Marketing,Analyst,Austin
EMP0216,Engineering,Analyst,College Station
EMP0217,Operations,Analyst,Houston
EMP0218,Research,Manager,Dallas
EMP0219,Finance,Engineer,College Station
EMP0220,Marketing,Researcher,Austin
EMP0221,Marketing,Engineer,Dallas
EMP0222,Engineering,Manager,College Station
EMP0223,Operations,Coordinator,Houston
EMP0224,Finance,Coordinator,Dallas
EMP0225,HR,Coordinator,Dallas
EMP0226,HR,Engineer,Austin
EMP0227,HR,Manager,Austin
EMP0228,Marketing,Researcher,Austin
EMP0229,Finance,Researcher,College Station
EMP0230,Operations,Coordinator,Houston
EMP0231,HR,Coordinator,Dallas
EMP0232,Marketing,Researcher,College Station
EMP0233,Research,Coordinator,Austin
EMP0234,Engineering,Researcher,Austin
EMP0235,Research,Analyst,Dallas
EMP0236,Engineering,Engineer,College Station
EMP0237,Engineering,Analyst,Houston
EMP0238,Marketing,Analyst,College Station
EMP0239,Engineering,Manager,Austin
EMP0240,Engineering,Engineer,College Station
EMP0241,Engineering,Manager,Austin
EMP0242,Marketing,Manager,Austin
EMP0243,HR,Coordinator,Houston
EMP0244,Engineering,Researcher,Austin
EMP0245,Operations,Researcher,College Station
EMP0246,HR,Engineer,College Station
EMP0247,Engineering,Engineer,Houston
EMP0248,Engineering,Coordinator,Dallas
EMP0249,Research,Analyst,Austin
EMP0250,HR,Manager,Houston
EMP0251,Marketing,Manager,Houston
EMP0252,HR,Analyst,College Station
EMP0253,Engineering,Coordinator,Houston
EMP0254,Finance,Engineer,Austin
EMP0255,Operations,Analyst,Austin
EMP0256,Engineering,Coordinator,College Station
EMP0257,Operations,Analyst,Austin
EMP0258,Marketing,Coordinator,College Station
EMP0259,Operations,Analyst,Austin
EMP0260,Marketing,Manager,Houston
EMP0261,Finance,Researcher,College Station
EMP0262,Engineering,Engineer,Dallas
EMP0263,Engineering,Coordinator,Austin
EMP0264,Operations,Coordinator,College Station
EMP0265,Engineering,Researcher,Austin
EMP0266,Engineering,Analyst,Houston
EMP0267,Engineering,Coordinator,College Station
EMP0268,Engineering,Researcher,Houston
EMP0269,HR,Coordinator,Austin
EMP0270,Finance,Analyst,College Station
EMP0271,Research,Researcher,Austin
EMP0272,Engineering,Analyst,Houston
EMP0273,Operations,Manager,Houston
EMP0274,Marketing,Manager,Dallas
EMP0275,Finance,Manager,Dallas
EMP0276,Research,Manager,Austin
EMP0277,Research,Analyst,College Station
EMP0278,Research,Manager,Austin
EMP0279,Engineering,Researcher,Dallas
EMP0280,Engineering,Manager,Houston
EMP0281,Operations,Engineer,Houston
EMP0282,Finance,Researcher,Houston
EMP0283,Operations,Analyst,Houston
EMP0284,Operations,Manager,Houston
EMP0285,Marketing,Manager,College Station
EMP0286,HR,Manager,Dallas
EMP0287,Operations,Researcher,College Station
EMP0288,Engineering,Manager,College Station
EMP0289,Engineering,Researcher,College Station
EMP0290,Operations,Analyst,College Station
EMP0291,Marketing,Coordinator,College Station
EMP0292,Engineering,Manager,Austin
EMP0293,Marketing,Engineer,College Station
EMP0294,Operations,Engineer,Houston
EMP0295,HR,Coordinator,Dallas
EMP0296,Operations,Coordinator,Houston
EMP0297,Finance,Coordinator,Dallas
EMP0298,Engineering,Analyst,Houston
EMP0299,Marketing,Manager,College Station
EMP0300,Finance,Researcher,Austin
EMP0301,Operations,Analyst,Dallas
EMP0302,Operations,Manager,College Station
EMP0303,Engineering,Manager,Dallas
EMP0304,Engineering,Researcher,College Station
EMP0305,Engineering,Engineer,Austin
EMP0306,Research,Manager,Houston
EMP0307,Operations,Coordinator,College Station
EMP0308,Engineering,Analyst,College Station
EMP0309,Research,Researcher,Austin
EMP0310,Marketing,Researcher,College Station
EMP0311,Marketing,Coordinator,Dallas
EMP0312,Research,Coordinator,Dallas
EMP0313,Engineering,Coordinator,Dallas
EMP0314,Engineering,Coordinator,Houston
EMP0315,Operations,Researcher,Houston
EMP0316,Engineering,Manager,Dallas
EMP0317,Operations,Manager,Austin
EMP0318,Engineering,Coordinator,College Station
EMP0319,Engineering,Analyst,Austin
EMP0320,Engineering,Researcher,Austin
EMP0321,Marketing,Coordinator,Houston
EMP0322,Engineering,Coordinator,Dallas
EMP0323,Engineering,Engineer,Houston
EMP0324,Research,Engineer,College Station
EMP0325,Finance,Manager,Austin
EMP0326,Finance,Coordinator,Dallas
EMP0327,Engineering,Coordinator,Houston
EMP0328,Finance,Coordinator,College Station
EMP0329,Engineering,Researcher,Houston
EMP0330,Operations,Researcher,Dallas
EMP0331,Engineering,Coordinator,Houston
EMP0332,Research,Engineer,College Station
EMP0333,Research,Manager,Dallas
EMP0334,Engineering,Manager,College Station
EMP0335,Engineering,Coordinator,College Station
EMP0336,Engineering,Researcher,Dallas
EMP0337,Operations,Engineer,Austin
EMP0338,Engineering,Manager,College Station
EMP0339,Research,Analyst,Austin
EMP0340,Operations,Coordinator,Dallas
EMP0341,HR,Manager,Austin
EMP0342,Marketing,Manager,Houston
EMP0343,Research,Manager,Dallas
EMP0344,Engineering,Engineer,Houston
EMP0345,Marketing,Manager,College Station
EMP0346,Finance,Coordinator,College Station
EMP0347,Research,Engineer,College Station
EMP0348,Operations,Analyst,Austin
EMP0349,HR,Engineer,Dallas
EMP0350,Engineering,Analyst,Austin
EMP0351,Research,Engineer,College Station
EMP0352,Marketing,Coordinator,Houston
EMP0353,Marketing,Analyst,Dallas
EMP0354,Research,Coordinator,Houston
EMP0355,Finance,Engineer,Houston
EMP0356,Finance,Researcher,Dallas
EMP0357,Operations,Coordinator,Dallas
EMP0358,Engineering,Engineer,Austin
EMP0359,Finance,Manager,Dallas
EMP0360,Engineering,Analyst,Dallas
EMP0361,Engineering,Analyst,College Station
EMP0362,Research,Researcher,College Station
EMP0363,Operations,Researcher,College Station
EMP0364,Finance,Analyst,Austin
EMP0365,Marketing,Engineer,College Station
EMP0366,Marketing,Analyst,Dallas
EMP0367,Operations,Engineer,Dallas
EMP0368,Research,Engineer,College Station
EMP0369,Research,Engineer,College Station
EMP0370,Finance,Manager,Austin
EMP0371,Finance,Analyst,Dallas
EMP0372,Marketing,Researcher,Houston
EMP0373,Operations,Coordinator,Houston
EMP0374,Marketing,Coordinator,Dallas
EMP0375,Operations,Analyst,Houston
EMP0376,Marketing,Coordinator,College Station
EMP0377,Finance,Researcher,Austin
EMP0378,Finance,Analyst,Houston
EMP0379,Finance,Coordinator,Houston
EMP0380,Engineering,Engineer,College Station
EMP0381,Engineering,Coordinator,Dallas
EMP0382,Operations,Manager,Austin
EMP0383,Finance,Researcher,Houston
EMP0384,Engineering,Analyst,Houston
EMP0385,Operations,Engineer,Dallas
EMP0386,Operations,Engineer,College Station
EMP0387,Engineering,Engineer,College Station
EMP0388,HR,Engineer,Austin
EMP0389,Research,Engineer,College Station
EMP0390,Operations,Analyst,Austin
EMP0391,Operations,Coordinator,Dallas
EMP0392,Engineering,Manager,Austin
EMP0393,Research,Researcher,Dallas
EMP0394,Finance,Coordinator,College Station
EMP0395,Research,Analyst,Dallas
EMP0396,Operations,Analyst,Houston
EMP0397,Engineering,Manager,Austin
EMP0398,Engineering,Manager,Houston
EMP0399,Operations,Engineer,Dallas
EMP0400,Operations,Coordinator,Houston
EMP0401,Engineering,Manager,College Station
EMP0402,Operations,Coordinator,Houston
EMP0403,Research,Analyst,Austin
EMP0404,Marketing,Researcher,Dallas
EMP0405,Marketing,Engineer,Austin
EMP0406,Engineering,Manager,Dallas
EMP0407,HR,Manager,Austin
EMP0408,Finance,Researcher,Houston
EMP0409,Research,Engineer,Dallas
EMP0410,Finance,Engineer,Austin
EMP0411,Operations,Engineer,Austin
EMP0412,Engineering,Engineer,College Station
EMP0413,Engineering,Analyst,College Station
EMP0414,HR,Analyst,College Station
EMP0415,Marketing,Engineer,Austin
EMP0416,Marketing,Manager,Dallas
EMP0417,Research,Engineer,College Station
EMP0418,Research,Engineer,Houston
EMP0419,Research,Coordinator,Austin
EMP0420,Engineering,Engineer,Austin
