device_id,device_type,manufacturer,model,purchase_date,purchase_cost,department_owner,location,status,checkout_count,unique_employees,total_checkout_hours,avg_checkout_duration_hours,median_checkout_duration_hours,turnaround_count,avg_turnaround_hours,median_turnaround_hours,borrowing_frequency_per_month,utilization_rate,utilization_segment
DEV0001,Laptop,Dell,Latitude 5440,2022-04-27,1238,HR,Dallas,Available,62,58,12373.018179382196,199.56480934487413,147.67978584110762,37,350.9726483606551,281.941269952385,1.6756756756756757,0.46928630649188,Highly Utilized
DEV0002,Laptop,Apple,MacBook Air M3,2025-01-21,1309,Operations,College Station,Checked Out,54,50,10038.173070642926,185.89209390079492,156.02039256112568,33,422.5235672550123,181.59276959828776,1.4594594594594594,0.38072983454417664,Moderately Utilized
DEV0003,Laptop,Lenovo,ThinkPad T14,2024-07-21,1249,HR,College Station,Available,59,58,12057.751291354729,204.3686659551649,157.17306930637193,36,369.1047645344016,244.537498457165,1.5945945945945945,0.45732880095065837,Moderately Utilized
DEV0004,Monitor,Dell,P2425H,2023-08-09,297,HR,Houston,Checked Out,34,32,9108.160122173065,267.88706241685486,224.10815306368764,22,626.0109575905486,487.41926915657393,0.918918918918919,0.3454561175537409,Moderately Utilized
DEV0005,Monitor,LG,27UP850,2023-12-11,392,Marketing,Austin,Available,35,33,9178.721271780261,262.2491791937218,186.52700995802,24,641.288925599394,582.1629265783897,0.9459459459459459,0.3481323749390376,Moderately Utilized
DEV0006,Tablet,Apple,iPad Air,2023-12-22,695,Finance,Houston,Checked Out,32,31,4422.26747602007,138.19585862562718,99.89752208368333,26,695.0491419702022,723.6632473710026,0.8648648648648649,0.16772864470520407,Moderately Utilized
DEV0007,Tablet,Samsung,Galaxy Tab S9,2024-06-29,790,Marketing,Dallas,Checked Out,24,23,2478.2299416214855,103.25958090089523,96.01237708304598,22,892.2108885178045,550.511137297017,0.6486486486486487,0.09399480054746068,Moderately Utilized
DEV0008,Camera,Canon,EOS R50,2025-03-07,875,Marketing,Dallas,Available,15,15,1624.3426413841717,108.28950942561144,70.58388726176527,14,1340.9415902213423,1205.2844356394269,0.40540540540540543,0.06160839235835539,Moderately Utilized
DEV0009,Camera,Sony,Alpha ZV-E10,2023-12-12,848,Engineering,College Station,Maintenance,14,12,1427.548700605615,101.9677643289725,80.17289624421846,12,1255.8733443750816,1053.3897522776615,0.3783783783783784,0.05414435243947426,Moderately Utilized
DEV0010,Projector,Epson,PowerLite,2024-08-26,749,Research,Dallas,Available,15,14,732.2624953650767,48.81749969100511,56.43960636815694,14,1541.5495447774958,988.6570984701009,0.40540540540540543,0.027773398280868184,Underutilized
DEV0011,Laptop,Dell,Latitude 5440,2024-10-31,1338,Finance,Houston,Available,66,60,14144.850092001463,214.31591048487064,177.28366322551614,35,349.72478838189585,188.59444015695112,1.7837837837837838,0.5364887014081912,Highly Utilized
DEV0012,Laptop,Apple,MacBook Air M3,2023-09-11,1630,Research,Dallas,Checked Out,67,65,15484.86624086372,231.1174065800555,135.02369974586054,33,360.44082635748885,207.0772706906617,1.8108108108108107,0.5873131017300891,Highly Utilized
DEV0013,Laptop,Lenovo,ThinkPad T14,2024-03-29,1304,HR,College Station,Checked Out,55,53,15612.07932616419,283.8559877484398,186.33123967441333,24,447.0083712911301,350.5596416785395,1.4864864864864864,0.592138065055333,Highly Utilized
DEV0014,Monitor,Dell,P2425H,2024-12-17,282,Research,Dallas,Available,39,37,12580.479886108049,322.57640733610384,196.72213636255336,24,534.3158806429734,352.21709973094823,1.054054054054054,0.4771549555697672,Highly Utilized
DEV0015,Monitor,LG,27UP850,2024-04-07,442,Engineering,College Station,Checked Out,35,35,14004.060340905153,400.1160097401472,229.1510674555278,20,533.902469192205,384.7927637749691,0.9459459459459459,0.5311487995890865,Highly Utilized
DEV0016,Tablet,Apple,iPad Air,2022-01-10,682,Marketing,Houston,Checked Out,16,15,3231.005522249822,201.9378451406139,106.81152475911458,13,1445.5766137628125,959.650838843555,0.43243243243243246,0.12254622322612611,Moderately Utilized
DEV0017,Tablet,Samsung,Galaxy Tab S9,2023-12-24,684,Marketing,Austin,Available,31,29,3759.960763537965,121.28905688832144,102.75897458492334,22,896.6062095231729,448.73855083875696,0.8378378378378378,0.1426085433395221,Moderately Utilized
DEV0018,Camera,Canon,EOS R50,2022-07-01,838,Operations,Dallas,Available,9,9,775.0528166413578,86.11697962681754,59.848694251103886,8,1789.0478917424443,739.125606811425,0.24324324324324326,0.029396358138698894,Underutilized
DEV0019,Camera,Sony,Alpha ZV-E10,2022-04-13,830,HR,Houston,Available,21,21,1935.2935024073347,92.15683344796832,57.111306755401664,19,955.846079469619,518.569770112296,0.5675675675675675,0.07340219876471729,Moderately Utilized
DEV0020,Projector,Epson,PowerLite,2023-12-21,829,Operations,Austin,Available,21,21,634.6962800001317,30.22363238095865,30.55832355296139,20,1024.4485622751909,845.945575245616,0.5675675675675675,0.02407288736403281,Underutilized
DEV0021,Laptop,Dell,Latitude 5440,2025-07-01,1330,Finance,College Station,Available,61,56,14097.629822091321,231.10868560805446,150.12916623226693,29,428.9578747024158,252.8688733920803,1.6486486486486487,0.5346977215731655,Highly Utilized
DEV0022,Laptop,Apple,MacBook Air M3,2025-01-14,1436,Research,Dallas,Available,57,54,14234.451611786086,249.727221259405,153.87432463692807,30,434.4139204036745,312.98545990207367,1.5405405405405406,0.5398871257591594,Highly Utilized
DEV0023,Laptop,Lenovo,ThinkPad T14,2023-07-19,1208,Operations,Houston,Available,60,58,13359.457609485162,222.6576268247527,161.94955927352333,36,370.7283777063445,247.142167954235,1.6216216216216217,0.5067001783556075,Highly Utilized
DEV0024,Monitor,Dell,P2425H,2024-10-16,274,Marketing,College Station,Available,40,38,10563.394133173182,264.0848533293296,194.90955525896763,25,475.1104743319483,372.8722664379144,1.0810810810810811,0.40065052397929646,Moderately Utilized
DEV0025,Monitor,LG,27UP850,2023-03-11,408,Engineering,College Station,Available,38,37,11166.288802648633,293.8497053328588,271.6746406696464,25,505.459995539834,335.3581835632986,1.027027027027027,0.4235172335031892,Moderately Utilized
DEV0026,Tablet,Apple,iPad Air,2024-07-28,626,Research,Houston,Available,31,30,3363.1523146593513,108.48878434385004,102.33375063958445,28,666.8557623357901,396.6697209591024,0.8378378378378378,0.12755831318069802,Moderately Utilized
DEV0027,Tablet,Samsung,Galaxy Tab S9,2023-10-09,758,HR,Austin,Available,30,28,5382.397976363863,179.4132658787954,136.90951228192264,21,884.2619194404748,534.1437998494505,0.8108108108108109,0.20414466622268296,Moderately Utilized
DEV0028,Camera,Canon,EOS R50,2023-05-11,895,Operations,Dallas,Available,18,17,1221.617376779997,67.86763204333316,56.272427257825825,17,1234.7657653808399,807.3042303421995,0.4864864864864865,0.04633374803010346,Underutilized
DEV0029,Camera,Sony,Alpha ZV-E10,2023-03-22,755,Engineering,Dallas,Available,14,13,1279.6420801068273,91.40300572191623,69.02945685462153,13,1236.6444504202204,1228.3425905941397,0.3783783783783784,0.04853452057522996,Underutilized
DEV0030,Projector,Epson,PowerLite,2025-03-27,757,HR,College Station,Checked Out,14,14,816.2802861911453,58.30573472793895,46.02811800204597,13,1606.3837047591514,1366.6167926110759,0.3783783783783784,0.030960041843881344,Underutilized
DEV0031,Laptop,Dell,Latitude 5440,2022-12-06,1250,HR,Houston,Available,63,56,13848.966395700509,219.8248634238176,143.3590545829336,32,419.59835156374925,295.5123929383468,1.7027027027027026,0.5252663654368742,Highly Utilized
DEV0032,Laptop,Apple,MacBook Air M3,2022-12-20,1508,Engineering,Dallas,Available,68,64,17819.97657556972,262.05847905249584,193.41859875690318,30,327.4022421810031,144.51263313237402,1.837837837837838,0.6758796332212692,Highly Utilized
DEV0033,Laptop,Lenovo,ThinkPad T14,2024-07-27,1273,Finance,Houston,Checked Out,52,50,9677.138788714497,186.09882285989417,153.3637903534404,30,479.91557557490125,287.3328425853454,1.4054054054054055,0.36703645413959046,Moderately Utilized
DEV0034,Monitor,Dell,P2425H,2022-08-18,281,Marketing,Houston,Available,38,38,12556.88570051406,330.4443605398437,262.0877822703342,18,711.5299328492076,742.1768012445864,1.027027027027027,0.4762600705828093,Highly Utilized
DEV0035,Monitor,LG,27UP850,2023-02-06,473,Operations,Austin,Available,29,29,8437.098523915376,290.9344318591509,232.8137295883953,18,670.8405414906413,369.007703916937,0.7837837837837838,0.3200039591305312,Moderately Utilized
DEV0036,Tablet,Apple,iPad Air,2024-04-24,659,HR,Austin,Available,29,29,3207.876949316369,110.61644652815066,102.96438911657667,21,917.857991087249,666.7150615727222,0.7837837837837838,0.12166899808921855,Moderately Utilized
DEV0037,Tablet,Samsung,Galaxy Tab S9,2022-09-02,740,Finance,Houston,Available,32,29,4894.524166145042,152.95388019203256,154.7581166638664,23,754.9121365358935,583.6425780167452,0.8648648648648649,0.18564049083779371,Moderately Utilized
DEV0038,Camera,Canon,EOS R50,2022-05-15,854,Finance,College Station,Available,16,16,1065.768635032306,66.61053968951913,57.07500245305472,15,1264.8826916861383,1409.50310511031,0.43243243243243246,0.040422685803745965,Underutilized
DEV0039,Camera,Sony,Alpha ZV-E10,2023-08-05,861,Marketing,Dallas,Maintenance,19,17,1404.4171310921895,73.91669111011524,73.22484106670777,18,1100.6053888348733,732.6013304308989,0.5135135135135135,0.05326701364768258,Moderately Utilized
DEV0040,Projector,Epson,PowerLite,2022-01-30,717,Marketing,College Station,Available,14,14,443.14597227283554,31.653283733773968,29.324189318755554,12,1624.3289959672502,1284.4193890097308,0.3783783783783784,0.01680772900756022,Underutilized
DEV0041,Laptop,Dell,Latitude 5440,2022-12-25,1664,Marketing,Dallas,Available,74,68,16510.9750662829,223.12128467949864,184.0271060120225,39,283.71875927361634,206.72863450189305,2.0,0.6262315623480571,Highly Utilized
DEV0042,Laptop,Apple,MacBook Air M3,2025-05-04,1286,HR,Dallas,Available,61,56,14887.061162452626,244.05018299102667,173.786159995185,33,359.17876809451167,269.02519615778164,1.6486486486486487,0.5646394312333375,Highly Utilized
DEV0043,Laptop,Lenovo,ThinkPad T14,2023-12-10,1189,Operations,Dallas,Checked Out,66,61,13035.12551895306,197.50190180231908,147.3133804264296,39,317.79277770850376,220.27623904413335,1.7837837837837838,0.494398846001936,Highly Utilized
DEV0044,Monitor,Dell,P2425H,2022-01-29,283,Operations,Austin,Available,29,27,7210.639618609691,248.64274546929968,152.56089892557472,23,708.3423179287785,610.6932927264717,0.7837837837837838,0.2734865806388334,Moderately Utilized
DEV0045,Monitor,LG,27UP850,2023-02-15,404,Engineering,Austin,Available,39,37,10911.637881216453,279.78558669785775,194.60752428790306,26,536.0785158378192,329.4735066565685,1.054054054054054,0.4138587824582536,Moderately Utilized
DEV0046,Tablet,Apple,iPad Air,2023-01-01,741,Research,College Station,Available,26,25,2929.8282766939583,112.68570294976763,92.11535295510097,25,798.9893813445375,320.74188903943525,0.7027027027027027,0.11112311246065186,Moderately Utilized
DEV0047,Tablet,Samsung,Galaxy Tab S9,2024-03-10,652,Research,Austin,Available,12,12,1668.7708372545753,139.06423643788128,125.22663572073765,11,1799.8303296367785,1013.1452675232298,0.32432432432432434,0.06329347385115253,Moderately Utilized
DEV0048,Camera,Canon,EOS R50,2022-02-18,1053,Finance,College Station,Checked Out,14,14,1250.341241956926,89.310088711209,70.91023277562347,12,1698.9192312600042,1400.3612134534083,0.3783783783783784,0.04742319252954773,Underutilized
DEV0049,Camera,Sony,Alpha ZV-E10,2025-06-06,881,Finance,Houston,Available,13,13,878.9129193258668,67.60868610198976,86.93635962653944,12,1630.402556388717,955.5310805165093,0.35135135135135137,0.03333558487174442,Underutilized
DEV0050,Projector,Epson,PowerLite,2023-01-14,778,Research,College Station,Available,16,16,786.4704468774744,49.15440292984215,36.49547220614973,15,1469.4037219837155,1172.8931430577297,0.43243243243243246,0.029829408300326044,Underutilized
DEV0051,Laptop,Dell,Latitude 5440,2023-11-25,1218,Engineering,College Station,Checked Out,76,71,13549.442976469587,178.2821444272314,142.46093587055125,41,312.7795744923972,219.04931583659584,2.054054054054054,0.5139059813268012,Highly Utilized
DEV0052,Laptop,Apple,MacBook Air M3,2025-07-14,1745,Research,College Station,Checked Out,57,53,10569.791643259083,185.43494110980848,154.38019647856612,38,349.6176480225187,312.1236166842942,1.5405405405405406,0.40089317002049923,Moderately Utilized
DEV0053,Laptop,Lenovo,ThinkPad T14,2022-05-31,1380,Operations,Austin,Available,50,46,8821.567907183133,176.43135814366266,152.01725625656348,31,507.43377881235534,332.8424542842703,1.3513513513513513,0.33458619074266854,Moderately Utilized
DEV0054,Monitor,Dell,P2425H,2024-09-30,304,Research,Austin,Available,31,28,11214.052614555718,361.7436327276038,267.0685051604378,20,721.692381473609,445.1131465220378,0.8378378378378378,0.4253288289077123,Moderately Utilized
DEV0055,Monitor,LG,27UP850,2023-05-09,379,Finance,College Station,Available,36,31,9383.710875487637,260.65863543021214,204.1753055072864,22,717.6620574989292,587.1891486630567,0.972972972972973,0.3559072615995429,Moderately Utilized
DEV0056,Tablet,Apple,iPad Air,2022-11-10,739,Research,Austin,Available,26,26,2699.790543812639,103.83809783894766,75.13141418563751,22,901.7337567822476,616.912957756455,0.7027027027027027,0.10239819535048963,Moderately Utilized
DEV0057,Tablet,Samsung,Galaxy Tab S9,2023-04-23,657,Operations,Dallas,Checked Out,21,19,2544.023814952392,121.14399118820914,58.398455651158606,18,1031.1276054882157,689.9867977583631,0.5675675675675675,0.09649024372531895,Moderately Utilized
DEV0058,Camera,Canon,EOS R50,2023-02-08,872,Marketing,Houston,Available,11,11,850.7236255056861,77.33851140960782,72.5008619764614,10,1540.951137994717,712.7295481803004,0.2972972972972973,0.03226641570156322,Underutilized
DEV0059,Camera,Sony,Alpha ZV-E10,2025-04-29,912,Engineering,Dallas,Available,11,11,765.9155771305144,69.62868883004677,69.8525703219075,9,1885.5726698258247,1363.6807630114258,0.2972972972972973,0.02904979909227959,Underutilized
DEV0060,Projector,Epson,PowerLite,2022-06-21,653,Finance,Houston,Available,17,17,1047.3435044420962,61.60844143777037,31.499089679386667,16,1060.341260300673,540.1310016346364,0.4594594594594595,0.039723853768105825,Underutilized
DEV0061,Laptop,Dell,Latitude 5440,2024-09-23,1256,Operations,College Station,Available,55,51,10648.28093540037,193.60510791637034,152.81485486293832,31,486.28961579890273,395.6319715014544,1.4864864864864864,0.4038701275804198,Moderately Utilized
DEV0062,Laptop,Apple,MacBook Air M3,2024-11-11,1386,HR,Austin,Available,58,56,13531.590862453684,233.30329073196006,164.73830969218085,30,442.2742920423494,297.8040676310865,1.5675675675675675,0.5132288827783197,Highly Utilized
DEV0063,Laptop,Lenovo,ThinkPad T14,2024-01-08,1202,Research,College Station,Available,58,54,11911.800422021792,205.3758693452033,122.06831011876055,38,350.0122688532389,301.3573459428858,1.5675675675675675,0.4517931472075267,Moderately Utilized
DEV0064,Monitor,Dell,P2425H,2023-01-27,292,Finance,College Station,Available,33,33,12247.793596024108,371.14526048557906,293.3510115031936,15,810.2982543039946,512.6958960921634,0.8918918918918919,0.46453676346574707,Moderately Utilized
DEV0065,Monitor,LG,27UP850,2025-06-02,413,Research,Houston,Available,30,29,10339.615136941185,344.6538378980395,250.63935480927694,18,843.5242718504869,584.8127305078149,0.8108108108108109,0.39216298948369793,Moderately Utilized
DEV0066,Tablet,Apple,iPad Air,2023-12-23,594,HR,Austin,Available,26,26,3767.9022090613316,144.91931573312814,142.53172802122737,22,858.9945267755437,825.3089767777583,0.7027027027027027,0.14290974807258208,Moderately Utilized
DEV0067,Tablet,Samsung,Galaxy Tab S9,2022-01-09,828,Research,Austin,Checked Out,25,25,4107.152017826169,164.28608071304677,118.92999979709249,20,926.2517348441528,646.5468796138748,0.6756756756756757,0.15577688262497605,Moderately Utilized
DEV0068,Camera,Canon,EOS R50,2025-04-27,795,Operations,College Station,Available,13,12,997.0239551115269,76.69415039319438,75.29486833009639,11,1731.0421116076132,860.0495777087636,0.35135135135135137,0.03781532384377188,Underutilized
DEV0069,Camera,Sony,Alpha ZV-E10,2024-05-12,773,Engineering,Dallas,Available,15,15,727.1105519999653,48.474036799997684,43.765099231404164,14,1439.7744862592901,1114.0010868073382,0.40540540540540543,0.027577994343201847,Underutilized
DEV0070,Projector,Epson,PowerLite,2024-11-01,770,HR,Houston,Checked Out,15,15,642.5447920554839,42.83631947036559,34.82142692416,13,1343.648767637073,1005.9631919891226,0.40540540540540543,0.024370567297943416,Underutilized
DEV0071,Laptop,Dell,Latitude 5440,2024-09-06,1293,Operations,Austin,Available,54,51,10809.160520689178,200.1696392720218,173.78470298392472,32,463.1797029789351,377.8510617342872,1.4594594594594594,0.4099720006461151,Moderately Utilized
DEV0072,Laptop,Apple,MacBook Air M3,2023-05-02,1539,Research,College Station,Available,60,56,11307.202924874016,188.4533820812336,182.76807105720502,39,311.6919110660361,236.7962287080514,1.6216216216216217,0.42886185249533537,Moderately Utilized
DEV0073,Laptop,Lenovo,ThinkPad T14,2023-11-22,1122,Finance,College Station,Checked Out,60,52,12377.896580218392,206.2982763369732,168.22522129116248,33,399.2218404861075,227.75691371658058,1.6216216216216217,0.469471335453837,Highly Utilized
DEV0074,Monitor,Dell,P2425H,2024-08-27,345,Research,Austin,Available,31,31,8822.04707592436,284.58216373949546,251.46618151613222,19,788.0020242748927,558.2772894650305,0.8378378378378378,0.3346043647504568,Moderately Utilized
DEV0075,Monitor,LG,27UP850,2023-04-11,478,Engineering,Dallas,Available,30,30,10067.790306757986,335.5930102252662,296.87865456302177,18,746.943013343739,402.0010574465264,0.8108108108108109,0.3818531629951196,Moderately Utilized
DEV0076,Tablet,Apple,iPad Air,2023-02-08,690,Operations,Austin,Available,25,25,3993.753979675302,159.7501591870121,122.32154939345666,19,1008.2260140660866,654.2043686478054,0.6756756756756757,0.15147589916922372,Moderately Utilized
DEV0077,Tablet,Samsung,Galaxy Tab S9,2024-01-21,641,Engineering,Houston,Available,28,26,4578.9307779064875,163.53324206808884,110.34950099694959,23,806.8632446418254,640.4118969034503,0.7567567567567568,0.17367060173130863,Moderately Utilized
DEV0078,Camera,Canon,EOS R50,2022-01-28,916,HR,Austin,Available,12,12,843.9447643541208,70.3287303628434,59.78082885632361,11,1964.73412629481,1122.9289898043353,0.32432432432432434,0.03200930570092163,Underutilized
DEV0079,Camera,Sony,Alpha ZV-E10,2023-11-02,830,HR,College Station,Available,17,17,1492.1622936222768,87.77425256601629,70.35857511696472,16,1222.7093635847634,1176.1036760441189,0.4594594594594595,0.05659502970967227,Moderately Utilized
DEV0080,Projector,Epson,PowerLite,2023-02-18,780,HR,College Station,Available,19,19,848.825503117967,44.675026479893,40.368580681055,17,1003.5519749902572,777.0541047642491,0.5135135135135135,0.03219442333626575,Underutilized
DEV0081,Laptop,Dell,Latitude 5440,2023-10-04,1653,Finance,Austin,Available,63,62,13648.82215308469,216.64797068388395,185.22395581429555,36,358.54213960588663,221.1833485108046,1.7027027027027026,0.5176752546002875,Highly Utilized
DEV0082,Laptop,Apple,MacBook Air M3,2022-11-21,1597,Finance,Austin,Available,57,52,12856.182433743126,225.5470602411075,157.68710121473444,37,342.5254627715441,218.2772715868586,1.5405405405405406,0.4876118569008964,Highly Utilized
DEV0083,Laptop,Lenovo,ThinkPad T14,2025-04-18,1139,Operations,Austin,Available,51,49,10351.652659015706,202.97358154932758,127.89090596772,28,520.9017953799886,272.9206559044463,1.3783783783783783,0.39261955102686935,Moderately Utilized
DEV0084,Monitor,Dell,P2425H,2024-12-19,290,HR,Austin,Checked Out,30,30,13087.300811182005,436.2433603727335,235.33447492107234,17,682.2439865940256,451.3060465456114,0.8108108108108109,0.49637776091382524,Highly Utilized
DEV0085,Monitor,LG,27UP850,2024-11-06,383,Research,Dallas,Checked Out,29,29,10874.514660915802,374.9832641695104,342.8463131813783,17,730.423682206311,404.2984736248739,0.7837837837837838,0.4124507655389051,Moderately Utilized
DEV0086,Tablet,Apple,iPad Air,2024-11-08,652,Operations,College Station,Available,29,29,4601.565692398737,158.67467904823232,114.28008274832055,25,712.1511324935898,575.2282332807966,0.7837837837837838,0.17452910329219115,Moderately Utilized
DEV0087,Tablet,Samsung,Galaxy Tab S9,2024-12-09,728,Operations,College Station,Available,19,18,2977.425284560246,156.70659392422348,171.26471027183806,17,1095.269315001995,491.89458363686697,0.5135135135135135,0.11292838128817656,Moderately Utilized
DEV0088,Camera,Canon,EOS R50,2025-01-19,883,HR,Houston,Available,11,11,704.6980002344873,64.06345456677157,50.901225576570006,10,1360.0854980907316,957.485718286112,0.2972972972972973,0.02672792660026377,Underutilized
DEV0089,Camera,Sony,Alpha ZV-E10,2022-03-21,705,Engineering,Austin,Available,8,8,486.51758883566276,60.814698604457845,57.839212539568194,7,2370.457078085484,1902.6553770215814,0.21621621621621623,0.018452736349202026,Underutilized
DEV0090,Projector,Epson,PowerLite,2023-06-26,685,Operations,Dallas,Available,12,12,654.0579589355386,54.504829911294884,39.311113493638885,10,1729.907872846882,1281.305251786662,0.32432432432432434,0.024807240992496683,Underutilized
DEV0091,Laptop,Dell,Latitude 5440,2023-07-19,1237,Marketing,Austin,Checked Out,60,60,14276.646090246788,237.94410150411312,180.8664211839178,32,429.5852216048931,252.07264302728876,1.6216216216216217,0.5414874863715903,Highly Utilized
DEV0092,Laptop,Apple,MacBook Air M3,2023-01-21,1622,Research,Dallas,Available,66,62,12860.928932798724,194.86255958785947,168.3516680019675,40,324.57779039158345,256.6296594525072,1.7837837837837838,0.4877918830657557,Highly Utilized
DEV0093,Laptop,Lenovo,ThinkPad T14,2023-08-22,1424,Operations,Dallas,Checked Out,69,64,15388.646017385056,223.0238553244211,196.73335255697057,30,404.00954890238205,321.96897155626095,1.864864864864865,0.5836636418625388,Highly Utilized
DEV0094,Monitor,Dell,P2425H,2024-04-28,274,HR,Houston,Available,37,35,14648.710150371766,395.9110851451829,313.6299808415005,22,530.6736895499924,239.62382685178167,1.0,0.5555992064081272,Highly Utilized
DEV0095,Monitor,LG,27UP850,2022-08-18,381,HR,Houston,Checked Out,34,34,12271.937527865619,360.93933905487114,296.96511333001513,21,488.21268391405187,255.53494400501137,0.918918918918919,0.46545249933825833,Highly Utilized
DEV0096,Tablet,Apple,iPad Air,2024-06-22,653,Research,Houston,Available,27,26,4173.242904192865,154.56455200714316,118.625466706785,18,1086.9602951928728,947.3443413284818,0.7297297297297297,0.1582835909726195,Moderately Utilized
DEV0097,Tablet,Samsung,Galaxy Tab S9,2024-03-19,762,HR,Houston,Available,29,27,2691.1301994235473,92.7975930835706,84.62260553698694,26,782.0544335871466,324.32960135967693,0.7837837837837838,0.10206972407756473,Moderately Utilized
DEV0098,Camera,Canon,EOS R50,2025-05-01,816,Finance,College Station,Available,8,8,644.4189347019022,80.55236683773778,73.69235683251847,7,2904.94771641696,1303.9685310118098,0.21621621621621623,0.024441650154820017,Underutilized
DEV0099,Camera,Sony,Alpha ZV-E10,2023-08-02,775,HR,College Station,Available,16,16,1498.9987359143738,93.68742099464836,65.69340590608903,15,1316.7303731803074,987.1779721270839,0.43243243243243246,0.056854323659320645,Moderately Utilized
DEV0100,Projector,Epson,PowerLite,2025-05-14,705,Engineering,Austin,Available,14,13,633.6460085522697,45.260429182304975,42.36995331086222,13,1433.7002102850643,593.4695354412986,0.3783783783783784,0.024033052458641468,Underutilized
DEV0101,Laptop,Dell,Latitude 5440,2022-08-07,1474,Finance,Austin,Available,59,54,12692.400665663292,215.12543501124225,146.1393236249172,36,373.6925793389944,211.60720709791653,1.5945945945945945,0.4813999092662464,Highly Utilized
DEV0102,Laptop,Apple,MacBook Air M3,2024-01-15,1587,HR,College Station,Checked Out,64,61,14142.233871619008,220.972404244047,147.83256179438098,40,318.6454309723426,172.65245814250488,1.7297297297297298,0.5363894728786238,Highly Utilized
DEV0103,Laptop,Lenovo,ThinkPad T14,2023-11-05,1044,Marketing,Austin,Available,50,45,10300.46327500342,206.0092655000684,150.29953130007556,32,481.6151531057974,442.4711430483943,1.3513513513513513,0.3906780298388741,Moderately Utilized
DEV0104,Monitor,Dell,P2425H,2025-04-25,245,HR,Austin,Available,52,51,14785.502231477607,284.3365813745694,255.6765900309678,24,500.3256597746933,434.7410220538972,1.4054054054054055,0.5607874838008226,Highly Utilized
DEV0105,Monitor,LG,27UP850,2024-08-05,401,Marketing,Austin,Available,34,33,11021.07442393987,324.14924776293736,304.43929335603036,23,620.1738720825404,315.26102746476226,0.918918918918919,0.418009513523653,Moderately Utilized
DEV0106,Tablet,Apple,iPad Air,2024-05-22,662,HR,College Station,Available,33,33,3883.2844664396885,117.67528686180874,108.52582218377945,26,680.8875728141036,496.14559110514557,0.8918918918918919,0.1472859893917788,Moderately Utilized
DEV0107,Tablet,Samsung,Galaxy Tab S9,2024-10-30,712,Marketing,Dallas,Available,18,17,2241.422272072923,124.52345955960683,90.93424576817027,14,1378.063911030149,517.6655283412665,0.4864864864864865,0.08501311192628196,Moderately Utilized
DEV0108,Camera,Canon,EOS R50,2022-07-24,971,Operations,Dallas,Available,10,9,502.63909834113224,50.26390983411322,42.956234773468886,9,2080.8193765889423,1684.043738466152,0.2702702702702703,0.01906419618391741,Underutilized
DEV0109,Camera,Sony,Alpha ZV-E10,2022-06-16,772,HR,College Station,Checked Out,11,11,1277.4217597264958,116.12925088422689,57.42280558702889,9,2022.2229026636414,2226.909030062284,0.2972972972972973,0.04845030782007126,Underutilized
DEV0110,Projector,Epson,PowerLite,2025-05-01,832,Engineering,Dallas,Maintenance,18,18,627.9040487311605,34.88355826284225,27.847447003497777,16,1261.5247695661237,850.0136359529272,0.4864864864864865,0.023815270258905976,Underutilized
DEV0111,Laptop,Dell,Latitude 5440,2022-01-07,1440,HR,Dallas,Checked Out,63,58,15502.545135494494,246.07214500784912,191.77348851315443,35,335.90950552848113,284.17042499042503,1.7027027027027026,0.5879836303791103,Highly Utilized
DEV0112,Laptop,Apple,MacBook Air M3,2022-06-04,1525,Engineering,Austin,Available,64,59,13672.89694724329,213.6390148006764,197.54228135365346,35,362.91018640249706,176.08222557376277,1.7297297297297298,0.5185883682049428,Highly Utilized
DEV0113,Laptop,Lenovo,ThinkPad T14,2022-02-12,1260,HR,Austin,Checked Out,54,51,15415.999206471273,285.48146678650505,181.22464191421082,21,525.2567246351352,437.50533277421806,1.4594594594594594,0.5847010990852588,Highly Utilized
DEV0114,Monitor,Dell,P2425H,2023-08-14,252,Research,Dallas,Available,27,27,7134.073131543238,264.2249307978977,239.964295088725,21,713.6654011345493,473.76960553739775,0.7297297297297297,0.27058255161410044,Moderately Utilized
DEV0115,Monitor,LG,27UP850,2022-01-16,437,Finance,Houston,Available,44,43,12032.375276831663,273.46307447344685,214.05271160044958,20,726.8101175818335,346.04389315447565,1.1891891891891893,0.4563663343999458,Moderately Utilized
DEV0116,Tablet,Apple,iPad Air,2024-10-12,530,Engineering,College Station,Available,22,20,3318.81407047633,150.85518502165135,147.69364691012072,19,1011.8247183993393,638.3925340456752,0.5945945945945946,0.12587664339347848,Moderately Utilized
DEV0117,Tablet,Samsung,Galaxy Tab S9,2024-10-08,760,Research,Houston,Available,24,23,2199.6458052249754,91.65190855104065,79.31897799364376,22,867.0103848880891,505.878448592447,0.6486486486486487,0.08342860574184727,Moderately Utilized
DEV0118,Camera,Canon,EOS R50,2025-07-22,909,Operations,Austin,Checked Out,10,10,616.0190276007028,61.601902760070274,46.55626652801417,9,2072.629325632186,1631.2873237805159,0.2702702702702703,0.023364492802021245,Underutilized
DEV0119,Camera,Sony,Alpha ZV-E10,2025-01-27,774,Engineering,Dallas,Checked Out,16,14,1610.2058738742949,100.63786711714343,55.81077709622848,15,1206.506487685136,707.533957319935,0.43243243243243246,0.06107221021473748,Moderately Utilized
DEV0120,Projector,Epson,PowerLite,2022-07-05,831,Engineering,College Station,Available,14,14,599.1270304968244,42.79478789263032,46.902169786746526,13,1580.3167844338907,1117.1210330997699,0.3783783783783784,0.02272380975967673,Underutilized
DEV0121,Laptop,Dell,Latitude 5440,2025-03-28,1338,Engineering,Austin,Available,61,56,11073.75717896321,181.5370029338231,146.52181123396502,36,410.16483062557126,265.756874813735,1.6486486486486487,0.4200076755858342,Moderately Utilized
DEV0122,Laptop,Apple,MacBook Air M3,2022-03-09,1390,Research,Austin,Checked Out,72,65,16537.481330795665,229.68724070549536,197.725883595165,35,311.9402046670059,154.23695434104306,1.945945945945946,0.6272368972462812,Highly Utilized
DEV0123,Laptop,Lenovo,ThinkPad T14,2022-11-15,1324,Engineering,College Station,Checked Out,58,54,12736.698451545346,219.59824916457492,183.21801528301654,33,388.4168728228283,347.39817596473694,1.5675675675675675,0.48308004454294046,Highly Utilized
DEV0124,Monitor,Dell,P2425H,2025-04-21,304,HR,College Station,Available,35,34,10069.361410737967,287.69604030679903,226.33485955272167,21,678.8444036333975,522.1497154857163,0.9459459459459459,0.3819127521408875,Moderately Utilized
DEV0125,Monitor,LG,27UP850,2023-08-17,465,Finance,Houston,Checked Out,26,26,9090.821407227488,349.6469772010572,242.9233678888832,17,852.8060470711522,800.8693991794842,0.7027027027027027,0.3447984913078113,Moderately Utilized
DEV0126,Tablet,Apple,iPad Air,2024-03-30,620,HR,Houston,Available,31,29,3824.2669724347757,123.36345072370244,100.63558762812222,27,678.5285557082627,501.0219032833994,0.8378378378378378,0.14504756208338582,Moderately Utilized
DEV0127,Tablet,Samsung,Galaxy Tab S9,2022-01-21,766,Finance,Houston,Available,33,32,4731.288830031933,143.37238878884645,146.76886973896973,25,715.5962635307494,428.4731077237061,0.8918918918918919,0.17944926838399253,Moderately Utilized
DEV0128,Camera,Canon,EOS R50,2025-06-28,928,Engineering,Houston,Available,17,17,1322.1718276953115,77.77481339384185,71.40480099016806,16,1187.6490129895128,694.0613578924326,0.4594594594594595,0.05014759734214927,Moderately Utilized
DEV0129,Camera,Sony,Alpha ZV-E10,2022-10-12,700,Research,Dallas,Available,19,19,1228.537536347322,64.65987033406958,56.67539413555278,16,1325.1118162812868,628.7183155500189,0.5135135135135135,0.04659621722529918,Underutilized
DEV0130,Projector,Epson,PowerLite,2022-08-14,747,Marketing,College Station,Available,11,11,564.4680711483575,51.31527919530522,52.05019978300028,10,2084.751954983984,2076.5718321409713,0.2972972972972973,0.02140925782225232,Underutilized
DEV0131,Laptop,Dell,Latitude 5440,2023-12-07,1330,HR,College Station,Available,57,54,15325.190399912819,268.8629894721547,195.8837409185522,27,426.6971739815751,292.83304596403025,1.5405405405405406,0.5812568845202334,Highly Utilized
DEV0132,Laptop,Apple,MacBook Air M3,2024-01-15,1713,Operations,Dallas,Available,76,72,16362.899906148985,215.3013145545919,152.13101212711084,40,285.5228549723555,207.0807795970468,2.054054054054054,0.620615338078846,Highly Utilized
DEV0133,Laptop,Lenovo,ThinkPad T14,2023-11-30,1217,HR,Dallas,Available,45,44,8346.821033078997,185.48491184619994,148.62874014471498,31,491.19183269273316,387.5866870422314,1.2162162162162162,0.31657989641440626,Moderately Utilized
DEV0134,Monitor,Dell,P2425H,2025-05-07,278,HR,Dallas,Available,37,36,11267.154152229796,304.5176797899945,280.6038110830222,22,534.8690367811236,356.2452380599246,1.0,0.42734287464197235,Moderately Utilized
DEV0135,Monitor,LG,27UP850,2022-06-18,422,Engineering,College Station,Available,40,37,12013.890975808343,300.34727439520856,277.61858502166626,24,442.77813370146447,166.30862983609805,1.0810810810810811,0.45566525813629233,Moderately Utilized
DEV0136,Tablet,Apple,iPad Air,2022-12-28,607,HR,Houston,Available,30,30,3955.27952490488,131.84265083016265,133.61600546736776,23,842.5529896697043,582.2325608777653,0.8108108108108109,0.15001663235883567,Moderately Utilized
DEV0137,Tablet,Samsung,Galaxy Tab S9,2025-06-16,672,Marketing,College Station,Available,29,29,2697.691705934806,93.02385192878641,88.45854139707222,23,781.4122520076812,531.4863488090766,0.7837837837837838,0.1023185902079663,Moderately Utilized
DEV0138,Camera,Canon,EOS R50,2022-10-10,820,Research,Austin,Available,13,13,898.8164422836617,69.13972632951244,49.93426659630444,11,1644.6649820289363,1591.966345937782,0.35135135135135137,0.034090489668587305,Underutilized
DEV0139,Camera,Sony,Alpha ZV-E10,2023-09-13,892,Marketing,Austin,Available,14,13,879.1222805507014,62.794448610764384,51.06925196513889,12,1538.9703045707668,1416.309497495819,0.3783783783783784,0.033343525566124785,Underutilized
DEV0140,Projector,Epson,PowerLite,2024-01-15,755,Operations,Houston,Available,17,16,437.6305706393847,25.742974743493217,25.12079570062361,16,1308.43770685658,1000.6553578427477,0.4594594594594595,0.016598539752048218,Underutilized
DEV0141,Laptop,Dell,Latitude 5440,2024-03-12,1314,Finance,Dallas,Available,69,64,13000.092762090899,188.40714147957823,149.17522183767278,39,343.2591810203515,292.44239202979446,1.864864864864865,0.4930701165977016,Highly Utilized
DEV0142,Laptop,Apple,MacBook Air M3,2023-12-15,1550,Operations,Dallas,Available,57,52,11623.162232368419,203.91512688365646,139.36981868898778,35,382.6920852835288,285.11694724363974,1.5405405405405406,0.44084562026049223,Moderately Utilized
DEV0143,Laptop,Lenovo,ThinkPad T14,2024-11-16,1259,HR,Austin,Available,51,47,11637.872310438308,228.19357471447663,164.0961514587214,28,449.0955071505963,299.92306530751716,1.3783783783783783,0.4414035470416174,Moderately Utilized
DEV0144,Monitor,Dell,P2425H,2025-04-12,277,Finance,College Station,Available,47,43,14142.487325105216,300.9039856405365,233.4182086541364,28,417.279193986608,384.84094158190044,1.2702702702702702,0.5363990859131061,Highly Utilized
DEV0145,Monitor,LG,27UP850,2023-11-07,442,Research,College Station,Available,33,31,8218.992630758903,249.06038275026978,213.5207482330325,20,733.9863610735827,472.4521902745643,0.8918918918918919,0.3117315952222593,Moderately Utilized
DEV0146,Tablet,Apple,iPad Air,2024-12-30,636,Operations,Dallas,Available,20,19,2709.276128245599,135.46380641227995,123.17208253436443,15,1135.355273731174,585.5702902741328,0.5405405405405406,0.10275796649273837,Moderately Utilized
DEV0147,Tablet,Samsung,Galaxy Tab S9,2024-08-08,615,Finance,College Station,Checked Out,17,14,2134.581157529709,125.56359750174758,84.4336447279486,13,1563.8932808684472,1866.4676318585882,0.4594594594594595,0.08096082077964724,Moderately Utilized
DEV0148,Camera,Canon,EOS R50,2022-01-20,793,Marketing,Dallas,Available,13,13,1066.4674947234714,82.03596113257473,63.763825407511945,10,2033.5893215928331,2002.081423601513,0.35135135135135137,0.04044919229379296,Underutilized
DEV0149,Camera,Sony,Alpha ZV-E10,2022-11-08,722,Operations,Houston,Maintenance,8,8,811.7473904141891,101.46842380177364,80.61501224792889,7,2898.515815320044,2764.3004711429894,0.21621621621621623,0.030788117266867056,Underutilized
DEV0150,Projector,Epson,PowerLite,2023-04-20,931,Marketing,College Station,Available,19,17,660.7122571175947,34.77432932197867,29.79362864001917,17,1283.2399411061072,1059.623100416806,0.5135135135135135,0.025059626543934437,Underutilized
DEV0151,Laptop,Dell,Latitude 5440,2024-09-28,1182,HR,College Station,Available,57,56,11189.174741469791,196.30131125385597,164.79248482843306,36,413.94766868031974,338.9328927145099,1.5405405405405406,0.4243852559649906,Moderately Utilized
DEV0152,Laptop,Apple,MacBook Air M3,2023-05-20,1540,HR,Austin,Available,57,54,11878.406983097359,208.3931049666203,155.0392779025675,39,348.5488638193223,311.8956478006045,1.5405405405405406,0.4505265941816835,Moderately Utilized
DEV0153,Laptop,Lenovo,ThinkPad T14,2023-08-30,1182,Engineering,Dallas,Maintenance,62,58,14086.819604835402,227.20676781992583,167.0210708563128,34,356.4822469772861,276.1201039540286,1.6756756756756757,0.5342877094924544,Highly Utilized
DEV0154,Monitor,Dell,P2425H,2024-12-23,259,Finance,College Station,Maintenance,46,44,14341.064088514731,311.7622627937985,238.87485110583197,20,622.6350473005332,329.2935295737747,1.2432432432432432,0.5439307450850656,Highly Utilized
DEV0155,Monitor,LG,27UP850,2024-04-26,467,Engineering,College Station,Available,44,43,12754.924757537521,289.8846535803982,219.62030867804972,25,519.6395297027502,389.4916214181769,1.1891891891891893,0.4837713355194875,Highly Utilized
DEV0156,Tablet,Apple,iPad Air,2023-05-26,656,Engineering,Dallas,Available,19,19,1912.4508694235296,100.65530891702788,97.49395237024778,15,1353.0545714675652,1151.0227142964188,0.5135135135135135,0.07253581881537055,Moderately Utilized
DEV0157,Tablet,Samsung,Galaxy Tab S9,2025-04-09,666,Engineering,Austin,Available,18,17,2724.714302900151,151.37301682778616,127.43607812130153,16,1243.741093767536,678.4064797336341,0.4864864864864865,0.10334350866665061,Moderately Utilized
DEV0158,Camera,Canon,EOS R50,2025-03-25,788,Finance,Dallas,Available,9,9,262.11043878177054,29.123382086863394,22.70855496251389,8,1742.5799328097974,1475.071873090606,0.24324324324324326,0.009941377109898092,Underutilized
DEV0159,Camera,Sony,Alpha ZV-E10,2025-07-18,663,Operations,Austin,Available,13,13,816.3262005985158,62.79432312296275,46.03386946323666,12,1690.14683946758,1136.2699533009916,0.35135135135135137,0.030961783294700968,Underutilized
DEV0160,Projector,Epson,PowerLite,2022-04-20,729,Research,Houston,Available,24,22,1059.2505586140242,44.135439942251004,31.27813876578361,22,957.6342107694313,713.6497821200519,0.6486486486486487,0.04017546689859116,Underutilized
DEV0161,Laptop,Dell,Latitude 5440,2023-06-13,1333,HR,Houston,Available,66,62,12790.20286363467,193.79095247931318,133.05829219976363,35,377.36760563615826,303.12381858255304,1.7837837837837838,0.48510937057854414,Highly Utilized
DEV0162,Laptop,Apple,MacBook Air M3,2022-03-17,1637,Research,Dallas,Checked Out,58,49,12254.255760401029,211.2802717310522,160.86556698117624,32,419.474065966564,317.69648695322985,1.5675675675675675,0.46478186172782204,Highly Utilized
DEV0163,Laptop,Lenovo,ThinkPad T14,2023-03-07,1279,Marketing,Houston,Available,59,56,10417.85297865378,176.57377929921662,159.65250722990223,36,388.2195101277237,271.71245884892653,1.5945945945945945,0.3951304099815019,Moderately Utilized
DEV0164,Monitor,Dell,P2425H,2025-01-12,274,Finance,Houston,Checked Out,37,34,11786.859120852401,318.56376002303784,182.55187368550443,23,503.943327980464,292.2294993851872,1.0,0.447054348564866,Moderately Utilized
DEV0165,Monitor,LG,27UP850,2023-05-15,391,Marketing,Austin,Checked Out,44,43,20816.83173413477,473.10981213942654,257.8413789609908,17,336.0038380315815,240.26914805268973,1.1891891891891893,0.7895449546541318,Highly Utilized
DEV0166,Tablet,Apple,iPad Air,2023-06-03,652,Marketing,Austin,Available,19,19,3359.2057229744573,176.80030120918195,99.96645354891278,15,1106.384835308547,1094.7397030406476,0.5135135135135135,0.12740862606247155,Moderately Utilized
DEV0167,Tablet,Samsung,Galaxy Tab S9,2023-02-16,711,Finance,Houston,Available,21,20,2836.7966019716146,135.08555247483878,111.36418254814889,19,967.7573659829732,762.8516296121355,0.5675675675675675,0.10759458850762373,Moderately Utilized
DEV0168,Camera,Canon,EOS R50,2025-04-20,913,Engineering,Houston,Available,15,14,1200.219943526451,80.0146629017634,62.26240220156972,12,1593.4038528676226,1050.7816890628064,0.40540540540540543,0.04552218190497679,Underutilized
DEV0169,Camera,Sony,Alpha ZV-E10,2023-06-25,761,Finance,Houston,Maintenance,14,14,1063.5381264171067,75.96700902979333,52.02030846677083,12,1738.5803765151966,1082.7941934711798,0.3783783783783784,0.04033808662717889,Underutilized
DEV0170,Projector,Epson,PowerLite,2024-04-03,863,Research,Dallas,Checked Out,26,26,1004.6706088206661,38.64117726233331,28.999579163216943,25,879.8083867680731,487.3076327974925,0.7027027027027027,0.03810534765398207,Underutilized
DEV0171,Laptop,Dell,Latitude 5440,2024-04-26,1090,Research,Dallas,Checked Out,61,56,12278.461093348176,201.2862474319373,192.5561702906264,40,312.3326523736434,199.99112714169013,1.6486486486486487,0.46569992643374003,Highly Utilized
DEV0172,Laptop,Apple,MacBook Air M3,2025-06-06,1418,Engineering,Austin,Available,53,51,10082.449396973452,190.23489428251796,149.68444494608914,29,506.704323928129,231.7535164378175,1.4324324324324325,0.3824091558987113,Moderately Utilized
DEV0173,Laptop,Lenovo,ThinkPad T14,2024-11-17,1167,Marketing,College Station,Maintenance,65,59,12882.226208063235,198.18809550866516,166.47486820652637,35,399.2774116279997,275.6198038361289,1.7567567567567568,0.4885996503786558,Highly Utilized
DEV0174,Monitor,Dell,P2425H,2024-04-30,253,Engineering,Dallas,Available,29,29,11331.38551877815,390.7374316820052,228.11491371628165,12,1218.0333964774463,871.4593483019983,0.7837837837837838,0.42977905475028516,Moderately Utilized
DEV0175,Monitor,LG,27UP850,2025-06-15,406,HR,Austin,Available,36,35,8824.79957737725,245.13332159381252,198.6637284039743,24,667.6337260705744,489.1110834320814,0.972972972972973,0.3347087621757021,Moderately Utilized
DEV0176,Tablet,Apple,iPad Air,2022-06-11,628,Research,Dallas,Maintenance,33,32,3944.526560919391,119.53110790664822,86.64532645201693,27,684.4512016991907,469.26631488650946,0.8918918918918919,0.1496087917916086,Moderately Utilized
DEV0177,Tablet,Samsung,Galaxy Tab S9,2025-01-22,618,Marketing,Austin,Checked Out,24,24,3911.5354628338023,162.98064428474177,144.46798320569707,21,804.7000466743038,395.70684254473224,0.6486486486486487,0.1483574988295166,Moderately Utilized
DEV0178,Camera,Canon,EOS R50,2023-06-20,991,Finance,Houston,Checked Out,11,10,495.83686285543695,45.07607844140336,34.20448622928,10,1989.4727080349035,1645.1446115365447,0.2972972972972973,0.01880619963685913,Underutilized
DEV0179,Camera,Sony,Alpha ZV-E10,2022-12-12,870,Research,Austin,Available,17,17,1493.1164001036575,87.83037647668573,93.28493507297445,14,1247.2656283989174,774.7784838194725,0.4594594594594595,0.0566312172509945,Moderately Utilized
DEV0180,Projector,Epson,PowerLite,2022-02-18,813,Marketing,Austin,Available,21,21,978.3947817153414,46.590227700730544,32.76913839905778,19,969.834925360358,1003.2508138965625,0.5675675675675675,0.037108752831804835,Underutilized
DEV0181,Laptop,Dell,Latitude 5440,2024-09-18,1398,HR,Austin,Available,52,48,9576.127918148568,184.1563061182417,158.57815259879777,33,456.7760019634887,356.65996373521807,1.4054054054054055,0.363205293651812,Moderately Utilized
DEV0182,Laptop,Apple,MacBook Air M3,2025-01-30,1638,Marketing,Austin,Available,68,60,12536.318187985104,184.35762041154564,132.51183131549237,37,365.9127940521039,273.0583135130442,1.837837837837838,0.4754799818568004,Highly Utilized
DEV0183,Laptop,Lenovo,ThinkPad T14,2022-05-13,1206,Operations,Dallas,Available,62,57,15438.463779858945,249.00748032030555,172.2787789293632,28,393.367138279983,285.83639874094195,1.6756756756756757,0.5855531399146809,Highly Utilized
DEV0184,Monitor,Dell,P2425H,2022-01-06,267,Operations,Austin,Available,46,44,17101.284564938218,371.7670557595265,267.60388686611316,20,545.2853434693319,318.1008721195522,1.2432432432432432,0.6486209389976969,Highly Utilized
DEV0185,Monitor,LG,27UP850,2024-06-28,465,Research,Dallas,Checked Out,35,35,11439.770033457182,326.85057238449093,266.6613188806289,21,654.8984977865588,397.58725898793364,0.9459459459459459,0.4338898842857492,Moderately Utilized
DEV0186,Tablet,Apple,iPad Air,2022-11-05,733,HR,College Station,Available,31,30,4385.504227545545,141.4678783079208,109.31785277056082,27,706.4303175526957,568.0192570915248,0.8378378378378378,0.16633428086922414,Moderately Utilized
DEV0187,Tablet,Samsung,Galaxy Tab S9,2024-07-11,703,Operations,Austin,Checked Out,24,23,2888.3275063092306,120.34697942955127,108.28471064276833,22,849.3993605399627,646.2555083667597,0.6486486486486487,0.1095490629467774,Moderately Utilized
DEV0188,Camera,Canon,EOS R50,2022-12-24,820,HR,Austin,Available,13,13,1594.6878292572608,122.66829455825084,117.31829193997916,12,1695.2301570865059,1032.6908896857765,0.35135135135135137,0.06048363871692467,Moderately Utilized
DEV0189,Camera,Sony,Alpha ZV-E10,2023-08-08,865,HR,Houston,Available,6,6,461.32220831881557,76.8870347198026,89.87669371236348,5,3805.9258063991847,1084.424371212523,0.16216216216216217,0.01749712092118048,Underutilized
DEV0190,Projector,Epson,PowerLite,2025-07-22,759,Operations,Austin,Available,16,16,700.2400153559994,43.76500095974996,45.96398876000819,15,1257.9941223677351,805.2687721091206,0.43243243243243246,0.02655884325877896,Underutilized
DEV0191,Laptop,Dell,Latitude 5440,2022-08-31,1213,Research,Houston,Available,60,57,11848.975522571312,197.48292537618855,155.86198071800598,39,328.81970616314055,228.83261724278833,1.6216216216216217,0.4494103118644115,Moderately Utilized
DEV0192,Laptop,Apple,MacBook Air M3,2024-02-13,1502,Finance,Dallas,Available,49,44,9775.312641081064,199.49617634859314,149.68373497156472,38,358.8152652562468,271.2650995967018,1.3243243243243243,0.3707600116340712,Moderately Utilized
DEV0193,Laptop,Lenovo,ThinkPad T14,2022-05-14,1140,Marketing,Dallas,Available,51,49,10816.78454123955,212.09381453410884,157.98647963777861,32,416.2632411715093,227.41751604816375,1.3783783783783783,0.4102611660213559,Moderately Utilized
DEV0194,Monitor,Dell,P2425H,2022-09-20,261,Research,Houston,Available,46,45,12011.77536355549,261.12555138164106,233.8452940164253,30,395.7803548897874,304.9199636528722,1.2432432432432432,0.45558501677192054,Moderately Utilized
DEV0195,Monitor,LG,27UP850,2023-08-08,364,Marketing,College Station,Available,39,37,9648.4275945668,247.39557934786666,236.77355002394555,27,524.7112582989444,363.83362192057444,1.054054054054054,0.3659474902294754,Moderately Utilized
DEV0196,Tablet,Apple,iPad Air,2024-09-04,633,Marketing,College Station,Available,25,25,2866.9886983221754,114.67954793288702,96.30654210660472,21,952.2355521268631,711.4129669423434,0.6756756756756757,0.10873972037247556,Moderately Utilized
DEV0197,Tablet,Samsung,Galaxy Tab S9,2023-12-30,747,Finance,Dallas,Available,30,28,4868.138190341877,162.2712730113959,91.26325196687347,22,770.6513281693798,574.843591789526,0.8108108108108109,0.1846397182737895,Moderately Utilized
DEV0198,Camera,Canon,EOS R50,2023-11-20,956,Operations,Houston,Available,5,5,333.9275687041797,66.78551374083594,43.49187782968139,4,3048.952114276854,1921.1493677538556,0.13513513513513514,0.012665271567621884,Underutilized
DEV0199,Camera,Sony,Alpha ZV-E10,2025-01-15,874,Finance,Austin,Checked Out,8,8,649.4028576530533,81.17535720663166,67.74996650114014,7,2813.968427997158,2961.171516397337,0.21621621621621623,0.024630681380643574,Underutilized
DEV0200,Projector,Epson,PowerLite,2022-07-22,804,Engineering,Houston,Checked Out,13,13,288.10668161655224,22.16205243204248,20.96543086540472,12,1671.5010809509192,1322.0204431748384,0.35135135135135137,0.010927367803981907,Underutilized
DEV0201,Laptop,Dell,Latitude 5440,2024-01-31,1438,HR,College Station,Maintenance,63,61,12075.493324742285,191.6744972181315,146.733952002245,34,394.1838857516813,256.7199521584976,1.7027027027027026,0.4580017243390662,Moderately Utilized
DEV0202,Laptop,Apple,MacBook Air M3,2023-09-12,1486,Finance,College Station,Checked Out,60,54,13187.477330750475,219.79128884584125,168.27312181063056,32,394.6754138532304,295.14500749515787,1.6216216216216217,0.5001772759702111,Highly Utilized
DEV0203,Laptop,Lenovo,ThinkPad T14,2022-12-14,1203,HR,Austin,Available,64,59,14660.84914567761,229.07576790121266,196.02535141877556,37,312.4955096423845,186.98602493891946,1.7297297297297298,0.5560596166482976,Highly Utilized
DEV0204,Monitor,Dell,P2425H,2024-01-01,270,Finance,College Station,Available,44,44,15720.3434171127,357.2805322071068,264.6371263793383,21,495.3452966119241,414.76647381077333,1.1891891891891893,0.5962443271354768,Highly Utilized
DEV0205,Monitor,LG,27UP850,2025-04-30,451,Marketing,College Station,Available,44,40,21763.617210163487,494.627663867352,249.70680720579415,19,540.2015667345024,551.8163626025774,1.1891891891891893,0.8254548234221303,Highly Utilized
DEV0206,Tablet,Apple,iPad Air,2025-06-01,610,Engineering,Austin,Available,23,22,2129.966304640908,92.60723063656123,73.76252542042806,21,984.8041283996621,574.8001535357942,0.6216216216216216,0.0807857877169142,Moderately Utilized
DEV0207,Tablet,Samsung,Galaxy Tab S9,2025-07-03,709,Marketing,College Station,Available,24,24,3164.4764087419326,131.85318369758053,115.35691275766375,20,821.5322983237544,643.9384214055939,0.6486486486486487,0.1200228937118834,Moderately Utilized
DEV0208,Camera,Canon,EOS R50,2023-02-11,826,Operations,Dallas,Available,22,22,1653.768881769702,75.17131280771372,56.57692473990403,17,1226.0051331438365,1070.069228554773,0.5945945945945946,0.0627244766850946,Moderately Utilized
DEV0209,Camera,Sony,Alpha ZV-E10,2025-03-13,761,HR,College Station,Available,9,9,838.8700207164022,93.20778007960024,119.81057968590584,8,2448.6687929538566,2332.2085292621296,0.24324324324324326,0.031816829809945685,Underutilized
DEV0210,Projector,Epson,PowerLite,2023-01-28,820,Engineering,Austin,Available,10,10,448.05755948298946,44.805755948298945,31.39411069733653,9,2120.7739721133566,1917.8506172846164,0.2702702702702703,0.01699401666894156,Underutilized
DEV0211,Laptop,Dell,Latitude 5440,2023-06-24,1349,Research,Austin,Available,66,57,14802.994990447207,224.28780288556374,167.07758680868557,37,319.9208221755,258.9984389336911,1.7837837837837838,0.5614509526592839,Highly Utilized
DEV0212,Laptop,Apple,MacBook Air M3,2023-10-23,1357,Marketing,Dallas,Checked Out,61,55,12909.752315825623,211.6352838659938,149.6656876234175,37,337.19567853670446,240.90538325682638,1.6486486486486487,0.4896436660954866,Highly Utilized
DEV0213,Laptop,Lenovo,ThinkPad T14,2023-08-31,1241,Research,Austin,Available,54,51,10172.813631473055,188.38543761987137,151.63402526202947,35,400.52606567156454,298.18243516115444,1.4594594594594594,0.38583650864583235,Moderately Utilized
DEV0214,Monitor,Dell,P2425H,2023-02-24,247,Research,Houston,Available,48,44,15603.997538491323,325.0832820519026,256.45974476042653,22,549.3313871180289,463.6751461923747,1.2972972972972974,0.5918315373971766,Highly Utilized
DEV0215,Monitor,LG,27UP850,2024-08-25,445,Finance,Dallas,Available,24,24,7051.091722179435,293.7954884241431,306.30587904719516,16,872.7113773181395,681.4228477497636,0.6486486486486487,0.2674352161343288,Moderately Utilized
DEV0216,Tablet,Apple,iPad Air,2022-03-05,673,Finance,Austin,Available,24,24,5232.6859271263675,218.02858029693198,163.83485062007708,17,1030.585932215079,906.6339366383199,0.6486486486486487,0.19846635769638749,Moderately Utilized
DEV0217,Tablet,Samsung,Galaxy Tab S9,2023-02-19,736,Engineering,Austin,Available,23,21,4987.300219971781,216.8391399987731,130.54562426551166,17,1033.2049416818802,950.3631414182606,0.6216216216216216,0.18915931955040266,Moderately Utilized
DEV0218,Camera,Canon,EOS R50,2022-01-13,958,Engineering,Austin,Available,10,10,843.5747012576614,84.35747012576614,65.13647859926736,9,2065.257805205896,1845.2237335779528,0.2702702702702703,0.03199526987383493,Underutilized
DEV0219,Camera,Sony,Alpha ZV-E10,2023-09-11,897,Finance,Austin,Checked Out,14,13,870.8938784120203,62.20670560085859,48.73172126054334,13,1291.2607058927922,897.1897802491709,0.3783783783783784,0.03303143708520538,Underutilized
DEV0220,Projector,Epson,PowerLite,2024-02-07,786,Finance,College Station,Available,15,15,549.7740213795755,36.65160142530503,26.696507540874446,14,1499.9307601122443,1288.6345978805703,0.40540540540540543,0.02085193896573514,Underutilized
DEV0221,Laptop,Dell,Latitude 5440,2023-08-19,1310,Engineering,College Station,Available,57,56,11167.087525194971,195.91381623149073,161.8912660880589,38,365.236259082004,253.04696383354803,1.5405405405405406,0.4235475276115667,Moderately Utilized
DEV0222,Laptop,Apple,MacBook Air M3,2025-01-17,1513,Operations,Dallas,Available,56,49,10378.303427362898,185.32684691719462,160.8434616307296,33,405.78311738216706,252.37038671339917,1.5135135135135136,0.3936303666954073,Moderately Utilized
DEV0223,Laptop,Lenovo,ThinkPad T14,2025-03-28,1363,Research,Houston,Available,60,54,12660.423687960096,211.0070614660016,156.42509218862,31,416.3256936078468,226.32938390711638,1.6216216216216217,0.4801870800647091,Highly Utilized
DEV0224,Monitor,Dell,P2425H,2024-11-23,294,Engineering,Houston,Available,34,33,10708.816213127007,314.9651827390296,265.679584227284,22,534.1987713283755,285.6238863586042,0.918918918918919,0.4061661216931685,Moderately Utilized
DEV0225,Monitor,LG,27UP850,2023-11-02,444,Marketing,College Station,Available,31,30,8593.05376985461,277.1952828985358,259.0361103547736,22,638.7677841049928,434.78925363001906,0.8378378378378378,0.32591906086915245,Moderately Utilized
DEV0226,Tablet,Apple,iPad Air,2022-04-12,558,Marketing,Austin,Available,33,33,3971.8416647398253,120.35883832544926,105.32890598034389,28,695.2957101394787,379.7390220515409,0.8918918918918919,0.1506448045087558,Moderately Utilized
DEV0227,Tablet,Samsung,Galaxy Tab S9,2024-05-06,816,HR,Dallas,Available,25,24,3626.288148150055,145.0515259260022,143.9836170925011,21,787.8545449563989,554.1992922117547,0.6756756756756757,0.13753858166606125,Moderately Utilized
DEV0228,Camera,Canon,EOS R50,2024-08-18,918,Engineering,Houston,Available,12,12,796.8466635235009,66.4038886269584,53.09908486712139,11,1545.1770785755982,1548.6156053451027,0.32432432432432434,0.03022295951916184,Underutilized
DEV0229,Camera,Sony,Alpha ZV-E10,2024-10-06,749,Engineering,Austin,Available,14,14,1384.8556789351176,98.91826278107983,85.60179505059125,13,1349.4211973845836,996.0959518761114,0.3783783783783784,0.0525250829805389,Moderately Utilized
DEV0230,Projector,Epson,PowerLite,2022-08-13,699,Finance,Austin,Available,6,6,302.44847316415974,50.40807886069329,47.489140084795416,5,2443.963181698683,2632.886101487983,0.16216216216216217,0.01147132614028084,Underutilized
DEV0231,Laptop,Dell,Latitude 5440,2023-12-21,1446,Research,Dallas,Checked Out,60,58,11577.960190035557,192.9660031672593,125.69795930652583,37,357.61722520170343,225.80296810878752,1.6216216216216217,0.439131188164399,Moderately Utilized
DEV0232,Laptop,Apple,MacBook Air M3,2022-06-14,1555,Marketing,Houston,Available,65,61,15472.929419251097,238.04506798847842,179.33046430152166,28,414.3521660297721,277.54310691841556,1.7567567567567568,0.5868603595741636,Highly Utilized
DEV0233,Laptop,Lenovo,ThinkPad T14,2022-08-26,1176,Finance,Dallas,Available,54,51,10440.783227250316,193.34783754167253,157.35729214292138,36,413.49487390081526,343.4290134526176,1.4594594594594594,0.39600011303332,Moderately Utilized
DEV0234,Monitor,Dell,P2425H,2024-02-12,288,Research,College Station,Available,37,34,11243.214507748164,303.870662371572,244.460209349665,18,755.0847315915988,493.41183273721526,1.0,0.4264348870212773,Moderately Utilized
DEV0235,Monitor,LG,27UP850,2022-03-09,455,Operations,College Station,Available,32,30,8751.276579414385,273.47739310669954,214.61261243038263,22,676.4399394869837,612.5763271454563,0.8648648648648649,0.33192016721398954,Moderately Utilized
DEV0236,Tablet,Apple,iPad Air,2025-02-10,607,Finance,Houston,Available,22,20,2936.5912449542134,133.48142022519153,109.91234714816832,18,988.3079762795605,709.2792906129416,0.5945945945945946,0.11137961967253533,Moderately Utilized
DEV0237,Tablet,Samsung,Galaxy Tab S9,2024-09-04,794,HR,College Station,Checked Out,22,21,2369.3950880992643,107.69977673178474,84.96648366805152,19,948.9607692107941,972.5752213120044,0.5945945945945946,0.08986689047034331,Moderately Utilized
DEV0238,Camera,Canon,EOS R50,2024-01-08,811,Engineering,Dallas,Available,14,14,704.9391471205317,50.35279622289512,50.245697104328336,12,1456.7430184066327,657.9359924634384,0.3783783783783784,0.02673707286755548,Underutilized
DEV0239,Camera,Sony,Alpha ZV-E10,2025-05-10,783,Engineering,Dallas,Available,9,9,809.1168683777847,89.9018742641983,84.1848097814636,7,2744.1439495181335,2087.39955590532,0.24324324324324326,0.030688346301310183,Underutilized
DEV0240,Projector,Epson,PowerLite,2023-11-08,741,HR,College Station,Available,12,12,520.539881824305,43.37832348535875,36.30713884307458,11,1208.0721243137195,575.1076470347567,0.32432432432432434,0.019743140677681053,Underutilized
DEV0241,Laptop,Dell,Latitude 5440,2022-07-28,1379,HR,Dallas,Available,52,50,13062.357696550545,251.19918647212586,162.4865490698636,29,424.8487532309659,281.51652682520694,1.4054054054054055,0.4954317134767248,Highly Utilized
DEV0242,Laptop,Apple,MacBook Air M3,2025-06-04,1728,Research,College Station,Checked Out,59,55,14882.518735904485,252.24608026956753,203.7147009314211,34,338.3262471750996,191.75981580760333,1.5945945945945945,0.5644671451713287,Highly Utilized
DEV0243,Laptop,Lenovo,ThinkPad T14,2022-11-13,1039,Finance,College Station,Checked Out,54,54,11840.570992489975,219.26983319425878,172.1593805506364,28,491.7234575819165,304.11891864608197,1.4594594594594594,0.44909154316768046,Moderately Utilized
DEV0244,Monitor,Dell,P2425H,2024-08-11,280,Marketing,Houston,Available,40,39,15092.84786354049,377.32119658851224,276.3110117712281,20,576.2223722650431,353.12449178602765,1.0810810810810811,0.5724445503626051,Highly Utilized
DEV0245,Monitor,LG,27UP850,2024-04-28,433,HR,College Station,Available,43,42,8438.77232212762,196.25051911924695,161.03203128203918,27,549.3228969510518,412.3547421925225,1.162162162162162,0.32006744328366576,Moderately Utilized
DEV0246,Tablet,Apple,iPad Air,2024-01-11,631,HR,College Station,Checked Out,18,18,1963.8499179263413,109.10277321813007,87.02196240790764,15,1316.5683186157366,1410.7589964494034,0.4864864864864865,0.07448529220006786,Moderately Utilized
DEV0247,Tablet,Samsung,Galaxy Tab S9,2023-10-16,802,Engineering,Dallas,Available,15,15,1308.424605995207,87.22830706634713,63.61209179442805,11,1948.186948762486,1411.4282714868493,0.40540540540540543,0.04962618996986258,Moderately Utilized
DEV0248,Camera,Canon,EOS R50,2024-08-24,1037,Research,Dallas,Available,13,13,866.1681475467852,66.6283190420604,73.40764376924417,12,1604.0116246852049,983.058873436983,0.35135135135135137,0.032852198620421075,Underutilized
DEV0249,Camera,Sony,Alpha ZV-E10,2025-04-25,828,Research,Houston,Available,12,12,753.1909187060986,62.76590989217488,46.04774554402542,11,1483.7441274071525,1039.1246333559247,0.32432432432432434,0.02856717570429205,Underutilized
DEV0250,Projector,Epson,PowerLite,2023-02-19,833,Marketing,Dallas,Available,12,12,445.0740700073433,37.089505833945275,32.06061511513375,11,2001.6656380070751,1611.5017615414679,0.32432432432432434,0.01688085828380183,Underutilized
DEV0251,Laptop,Dell,Latitude 5440,2024-01-19,1298,Research,Austin,Available,68,67,19694.70770316963,289.62805445837694,213.6450229161475,28,369.468447641889,217.76992870375489,1.837837837837838,0.7469848101297419,Highly Utilized
DEV0252,Laptop,Apple,MacBook Air M3,2022-09-13,1584,HR,Austin,Available,68,63,17427.6244903019,256.2885954456162,171.4656358351807,39,288.3922819229227,214.53442048089056,1.837837837837838,0.6609984249121648,Highly Utilized
DEV0253,Laptop,Lenovo,ThinkPad T14,2023-02-05,1057,HR,Austin,Available,52,45,13324.520552132499,256.2407798487019,149.92188995038444,28,442.7415067766619,299.9040332442194,1.4054054054054055,0.5053750786614968,Highly Utilized
DEV0254,Monitor,Dell,P2425H,2025-05-26,248,Marketing,College Station,Checked Out,45,40,12795.566875858387,284.3459305746308,249.04278750525694,22,557.6065365811158,474.19086735471626,1.2162162162162162,0.48531281790626574,Highly Utilized
DEV0255,Monitor,LG,27UP850,2023-03-23,447,Finance,College Station,Available,38,36,10698.231916041794,281.5324188432051,260.39099775747843,24,593.5235346233445,422.9740244286743,1.027027027027027,0.40576467835784635,Moderately Utilized
DEV0256,Tablet,Apple,iPad Air,2022-08-30,620,Marketing,Dallas,Available,37,31,4898.934013009171,132.40362197322085,114.67403612904499,30,591.9860082277759,447.69544621035345,1.0,0.18580774839104866,Moderately Utilized
DEV0257,Tablet,Samsung,Galaxy Tab S9,2022-01-12,761,Marketing,Austin,Available,37,35,4553.060918472863,123.05570049926656,101.57295669837667,31,592.6204431334133,331.56818367778834,1.0,0.17268940453212403,Moderately Utilized
DEV0258,Camera,Canon,EOS R50,2024-04-28,759,Finance,Dallas,Available,10,10,268.39072396440747,26.83907239644075,28.829712338511946,9,2288.801797792888,1817.3833333333334,0.2702702702702703,0.010179577021540227,Underutilized
DEV0259,Camera,Sony,Alpha ZV-E10,2023-02-11,819,HR,College Station,Maintenance,20,20,1668.8669882562738,83.44334941281369,79.82364947858473,19,1085.8878920062482,914.6541605702995,0.5405405405405406,0.06329712068556256,Moderately Utilized
DEV0260,Projector,Epson,PowerLite,2025-03-18,711,Marketing,College Station,Available,17,15,506.48343209377083,29.79314306433946,28.41579038902083,15,1320.4573793192437,1470.9316190584434,0.4594594594594595,0.019210004842851097,Underutilized
