employee_id,department,job_role,location,checkout_count,total_checkout_hours,avg_checkout_duration_hours,most_frequently_borrowed_device
EMP0219,Finance,Engineer,College Station,36,7969.213068847669,221.36702969021303,DEV0051
EMP0340,Operations,Coordinator,Dallas,35,6095.16485412604,174.147567260744,DEV0052
EMP0419,Research,Coordinator,Austin,34,5921.879161176338,174.1729165051864,DEV0103
EMP0003,Marketing,Researcher,Austin,34,8449.497467732797,248.5146314039058,DEV0006
EMP0316,Engineering,Manager,Dallas,34,7079.747564226263,208.22786953606658,DEV0009
EMP0271,Research,Researcher,Austin,33,5857.966784985841,177.51414499957093,DEV0023
EMP0145,Operations,Analyst,College Station,33,5874.313101511141,178.00948792458004,DEV0061
EMP0396,Operations,Analyst,Houston,32,6026.452628593773,188.3266446435554,DEV0063
EMP0378,Finance,Analyst,Houston,32,5701.423520532443,178.16948501663884,DEV0039
EMP0328,Finance,Coordinator,College Station,32,5104.17854817263,159.5055796303947,DEV0256
EMP0377,Finance,Researcher,Austin,31,5950.486393416428,191.9511739811751,DEV0006
EMP0386,Operations,Engineer,College Station,31,6680.061297327279,215.48584830087998,DEV0195
EMP0031,Research,Analyst,Dallas,31,6003.500770253918,193.6613151694812,DEV0213
EMP0212,Operations,Analyst,Dallas,31,5446.720219214693,175.70065223273204,DEV0082
EMP0254,Finance,Engineer,Austin,31,7442.663930098924,240.08593322899753,DEV0257
EMP0125,Operations,Coordinator,College Station,31,5787.146871537632,186.68215714637523,DEV0117
EMP0066,Operations,Engineer,College Station,31,5772.857348632237,186.2212047945883,DEV0002
EMP0268,Engineering,Researcher,Houston,30,4865.311549816736,162.17705166055788,DEV0009
EMP0112,Operations,Analyst,Houston,30,5181.607789891806,172.72025966306018,DEV0123
EMP0320,Engineering,Researcher,Austin,30,7895.798335340108,263.19327784467026,DEV0127
EMP0303,Engineering,Manager,Dallas,30,4923.478616885955,164.11595389619848,DEV0253
EMP0091,Finance,Engineer,Houston,30,5457.0199088959,181.90066362986332,DEV0028
EMP0069,Research,Manager,Austin,30,7084.051765269446,236.13505884231486,DEV0222
EMP0099,Engineering,Engineer,Houston,30,5405.398361739731,180.17994539132437,DEV0053
EMP0054,Engineering,Analyst,College Station,30,5563.811871323311,185.46039571077702,DEV0021
EMP0019,Engineering,Researcher,Austin,29,6113.608405481061,210.81408294762278,DEV0054
EMP0416,Marketing,Manager,Dallas,29,5445.582173979724,187.77869565447324,DEV0212
EMP0375,Operations,Analyst,Houston,29,5538.08385502619,190.96840879400654,DEV0102
EMP0408,Finance,Researcher,Houston,29,5960.022027655315,205.51800095363154,DEV0013
EMP0172,Marketing,Manager,Houston,29,5326.816583514487,183.6833304660168,DEV0082
EMP0079,Marketing,Manager,Dallas,29,4910.26257480514,169.3193991312117,DEV0168
EMP0255,Operations,Analyst,Austin,29,6989.871155032143,241.03003982869458,DEV0153
EMP0249,Research,Analyst,Austin,29,6335.25470895014,218.4570589293152,DEV0223
EMP0343,Research,Manager,Dallas,29,4977.862823454046,171.65044218807054,DEV0003
EMP0275,Finance,Manager,Dallas,28,10953.721903053507,391.20435368048237,DEV0024
EMP0013,Operations,Engineer,College Station,28,4001.360253840748,142.9057233514553,DEV0045
EMP0392,Engineering,Manager,Austin,28,5305.060384668702,189.4664423095965,DEV0073
EMP0257,Operations,Analyst,Austin,28,5518.1254723372895,197.07590972633176,DEV0037
EMP0202,Engineering,Manager,College Station,28,5216.0905210215615,186.28894717934148,DEV0027
EMP0227,HR,Manager,Austin,28,7931.279682664732,283.25998866659756,DEV0244
EMP0228,Marketing,Researcher,Austin,28,5782.163355624854,206.5058341294591,DEV0011
EMP0053,Engineering,Analyst,Houston,28,9543.180736114986,340.82788343267805,DEV0054
EMP0218,Research,Manager,Dallas,28,5291.653401803851,188.9876214929947,DEV0041
EMP0267,Engineering,Coordinator,College Station,28,4401.366587182074,157.19166382793122,DEV0052
EMP0034,Marketing,Engineer,College Station,28,7084.111069884915,253.0039667816041,DEV0202
EMP0152,Engineering,Researcher,College Station,28,4527.565240657145,161.69875859489804,DEV0101
EMP0319,Engineering,Analyst,Austin,28,4006.1886120086438,143.0781647145944,DEV0092
EMP0369,Research,Engineer,College Station,28,5172.650307075351,184.7375109669768,DEV0041
EMP0072,Finance,Manager,Dallas,28,4589.142996668102,163.8979641667179,DEV0014
EMP0301,Operations,Analyst,Dallas,28,4500.52126106832,160.73290218101144,DEV0043
EMP0323,Engineering,Engineer,Houston,28,7663.746456933276,273.70523060475983,DEV0011
EMP0073,HR,Engineer,Houston,27,8232.094862378068,304.8924023102988,DEV0003
EMP0314,Engineering,Coordinator,Houston,27,7439.4491809906895,275.535154851507,DEV0012
EMP0248,Engineering,Coordinator,Dallas,27,6124.863101859513,226.84678155035235,DEV0017
EMP0352,Marketing,Coordinator,Houston,27,5648.642509671635,209.20898183969018,DEV0103
EMP0187,HR,Analyst,Austin,27,5421.969418036451,200.8136821494982,DEV0162
EMP0177,Engineering,Analyst,Austin,27,3332.480785124629,123.42521426387515,DEV0006
EMP0213,Research,Researcher,Dallas,27,6497.871027219855,240.66188989703167,DEV0121
EMP0211,Operations,Engineer,Austin,27,4706.219059238622,174.30440960143045,DEV0072
EMP0256,Engineering,Coordinator,College Station,27,4872.8167584618395,180.4746947578459,DEV0014
EMP0315,Operations,Researcher,Houston,27,5156.520046709372,190.98222395219895,DEV0042
EMP0282,Finance,Researcher,Houston,27,6524.154911689846,241.63536709962392,DEV0011
EMP0348,Operations,Analyst,Austin,27,4839.204199106358,179.22978515208732,DEV0057
EMP0362,Research,Researcher,College Station,27,5807.007929034933,215.07436774203455,DEV0021
EMP0367,Operations,Engineer,Dallas,27,4442.423876679648,164.53421765480178,DEV0051
EMP0101,Research,Manager,Houston,27,5131.808227327298,190.0669713824925,DEV0123
EMP0076,HR,Researcher,Houston,26,5661.844915048609,217.76326596340806,DEV0242
EMP0039,Research,Researcher,College Station,26,5819.442400114597,223.82470769671528,DEV0132
EMP0037,Engineering,Analyst,Dallas,26,6073.628391921496,233.6010919969806,DEV0051
EMP0108,Operations,Researcher,College Station,26,3842.927706350709,147.80491178271956,DEV0103
EMP0273,Operations,Manager,Houston,26,5260.04808207313,202.3095416181973,DEV0234
EMP0313,Engineering,Coordinator,Dallas,26,6933.869093873489,266.68727284128806,DEV0254
EMP0309,Research,Researcher,Austin,26,6791.624412419775,261.21632355460673,DEV0013
EMP0283,Operations,Analyst,Houston,26,5460.950534464545,210.03655901786712,DEV0001
EMP0047,Engineering,Coordinator,Dallas,26,4212.97980220387,162.03768470014887,DEV0032
EMP0024,Engineering,Manager,Houston,26,5680.783001997369,218.49165392297573,DEV0172
EMP0163,Finance,Researcher,Austin,26,6495.488683268732,249.82648781802814,DEV0255
EMP0138,Finance,Engineer,Austin,26,7311.639106394014,281.2168887074621,DEV0162
EMP0200,Engineering,Engineer,Dallas,26,3540.9994897327806,136.1922880666454,DEV0008
EMP0114,Operations,Analyst,College Station,26,5380.278298818452,206.9337807237866,DEV0231
EMP0221,Marketing,Engineer,Dallas,26,4690.683209754616,180.41089268286984,DEV0001
EMP0017,HR,Coordinator,Houston,25,3779.388592054841,151.17554368219365,DEV0157
EMP0011,Research,Manager,Houston,25,6057.900685161095,242.3160274064438,DEV0222
EMP0008,Engineering,Analyst,Austin,25,5935.42711983457,237.41708479338277,DEV0152
EMP0005,Research,Manager,Austin,25,3856.902748928255,154.2761099571302,DEV0013
EMP0178,Operations,Engineer,Dallas,25,4378.793866142434,175.15175464569737,DEV0002
EMP0147,Operations,Manager,Austin,25,5430.411825860863,217.21647303443453,DEV0003
EMP0148,Finance,Researcher,Austin,25,5849.378548788446,233.97514195153784,DEV0205
EMP0201,HR,Engineer,Austin,25,5020.243605528771,200.80974422115082,DEV0173
EMP0188,Engineering,Researcher,College Station,25,4029.114131311424,161.16456525245695,DEV0104
EMP0372,Marketing,Researcher,Houston,25,3505.9132509060455,140.23653003624182,DEV0010
EMP0291,Marketing,Coordinator,College Station,25,4855.814974584284,194.23259898337136,DEV0071
EMP0289,Engineering,Researcher,College Station,25,4464.158514383373,178.56634057533492,DEV0055
EMP0041,Marketing,Manager,Houston,25,5590.221201667552,223.60884806670208,DEV0037
EMP0350,Engineering,Analyst,Austin,25,4837.890802633211,193.51563210532845,DEV0032
EMP0035,Engineering,Coordinator,Houston,25,4346.707781369385,173.8683112547754,DEV0023
EMP0329,Engineering,Researcher,Houston,25,5873.367421655757,234.9346968662303,DEV0132
EMP0296,Operations,Coordinator,Houston,25,5117.436303575532,204.69745214302128,DEV0002
EMP0390,Operations,Analyst,Austin,25,6349.25537768425,253.97021510737,DEV0017
EMP0232,Marketing,Researcher,College Station,25,8811.812131180552,352.47248524722204,DEV0202
EMP0311,Marketing,Coordinator,Dallas,25,4627.367868946496,185.09471475785983,DEV0122
EMP0277,Research,Analyst,College Station,25,6450.3498302738835,258.01399321095533,DEV0011
EMP0272,Engineering,Analyst,Houston,25,5017.709052979104,200.70836211916415,DEV0073
EMP0113,Marketing,Engineer,College Station,25,3703.3216599713433,148.13286639885374,DEV0011
EMP0144,Research,Researcher,College Station,24,6801.371196386192,283.39046651609135,DEV0141
EMP0018,HR,Coordinator,College Station,24,5020.818903201334,209.20078763338893,DEV0150
EMP0140,Research,Researcher,Austin,24,5804.657277549516,241.8607198978965,DEV0173
EMP0141,Engineering,Analyst,Houston,24,3911.681955947977,162.98674816449903,DEV0025
EMP0064,Research,Analyst,College Station,24,4564.769578887684,190.1987324536535,DEV0054
EMP0338,Engineering,Manager,College Station,24,4655.067703889082,193.96115432871173,DEV0003
EMP0030,Operations,Researcher,Houston,24,4017.5390427009734,167.39746011254056,DEV0101
EMP0371,Finance,Analyst,Dallas,24,5826.365667924333,242.7652361635139,DEV0042
EMP0370,Finance,Manager,Austin,24,4061.9806355067417,169.24919314611424,DEV0023
EMP0174,Engineering,Engineer,Houston,24,5350.9034863251345,222.95431193021395,DEV0153
EMP0162,Operations,Manager,Austin,24,4292.749497505175,178.86456239604897,DEV0162
EMP0171,HR,Manager,Houston,24,3841.3560747004226,160.05650311251762,DEV0112
EMP0131,HR,Analyst,Houston,24,3707.462226479024,154.47759276995933,DEV0112
EMP0262,Engineering,Engineer,Dallas,24,5398.79019329767,224.94959138740293,DEV0002
EMP0347,Research,Engineer,College Station,24,3662.0095888352603,152.58373286813585,DEV0242
EMP0067,Marketing,Analyst,Austin,24,3950.7492632488475,164.61455263536865,DEV0031
EMP0095,Operations,Manager,Austin,24,4753.957608420381,198.08156701751588,DEV0022
EMP0307,Operations,Coordinator,College Station,24,4414.596815835181,183.94153399313254,DEV0186
EMP0293,Marketing,Engineer,College Station,24,4082.378714947184,170.09911312279934,DEV0112
EMP0085,Marketing,Engineer,Austin,24,4457.241182177641,185.71838259073505,DEV0005
EMP0123,Engineering,Researcher,Austin,24,3976.257203665055,165.67738348604396,DEV0096
EMP0220,Marketing,Researcher,Austin,24,5284.98160390342,220.20756682930917,DEV0011
EMP0238,Marketing,Analyst,College Station,24,6465.316403555665,269.388183481486,DEV0191
EMP0414,HR,Analyst,College Station,23,4906.210225979022,213.31348808604443,DEV0015
EMP0413,Engineering,Analyst,College Station,23,4430.660698846871,192.6374216889944,DEV0027
EMP0411,Operations,Engineer,Austin,23,7441.820587758225,323.55741685905326,DEV0004
EMP0412,Engineering,Engineer,College Station,23,6272.506846707092,272.71768898726486,DEV0043
EMP0382,Operations,Manager,Austin,23,4653.157926474081,202.31121419452526,DEV0001
EMP0299,Marketing,Manager,College Station,23,4729.358102881135,205.62426534265805,DEV0053
EMP0287,Operations,Researcher,College Station,23,5232.512088457312,227.50052558510052,DEV0232
EMP0305,Engineering,Engineer,Austin,23,4308.061433062218,187.3070188287921,DEV0192
EMP0312,Research,Coordinator,Dallas,23,3352.207631388765,145.74815788646805,DEV0087
EMP0046,Engineering,Analyst,Dallas,23,4418.62767935569,192.11424692850827,DEV0126
EMP0355,Finance,Engineer,Houston,23,3232.0416492407876,140.52354996699077,DEV0010
EMP0358,Engineering,Engineer,Austin,23,3814.614773239429,165.85281622780124,DEV0051
EMP0363,Operations,Researcher,College Station,23,4035.7542585422652,175.46757645835936,DEV0021
EMP0040,HR,Manager,Austin,23,4544.559565123353,197.589546309711,DEV0162
EMP0051,Engineering,Coordinator,College Station,23,6423.225809872048,279.2706873857412,DEV0004
EMP0056,Engineering,Manager,Austin,23,4973.439819736357,216.23651390158074,DEV0162
EMP0346,Finance,Coordinator,College Station,23,3400.4143751127076,147.8441032657699,DEV0055
EMP0330,Operations,Researcher,Dallas,23,3558.1718678049992,154.70312468717387,DEV0035
EMP0050,Research,Engineer,Houston,23,4503.737146783009,195.81465855578298,DEV0002
EMP0365,Marketing,Engineer,College Station,23,5674.591248893399,246.7213586475391,DEV0043
EMP0048,Research,Coordinator,Dallas,23,4887.163689948236,212.48537782383636,DEV0094
EMP0094,Operations,Researcher,Dallas,23,3170.448430364887,137.84558392890813,DEV0061
EMP0068,Engineering,Analyst,College Station,23,3418.240435729801,148.61914937955657,DEV0042
EMP0078,Research,Analyst,College Station,23,4457.45229666104,193.80227376787133,DEV0029
EMP0258,Marketing,Coordinator,College Station,23,7981.115396639759,347.0050172452069,DEV0252
EMP0126,Operations,Engineer,Dallas,23,4095.912846343006,178.08316723230462,DEV0033
EMP0216,Engineering,Analyst,College Station,23,5606.281673947646,243.7513771281585,DEV0061
EMP0224,Finance,Coordinator,Dallas,23,4096.439021518115,178.10604441383109,DEV0021
EMP0128,Engineering,Manager,Dallas,23,4459.629801162881,193.89694787664703,DEV0014
EMP0137,Engineering,Manager,College Station,23,4856.599572850021,211.15650316739223,DEV0202
EMP0181,HR,Coordinator,Austin,23,5457.17626780101,237.2685333826526,DEV0003
EMP0135,Engineering,Coordinator,Houston,23,4526.606821746009,196.80899224982647,DEV0122
EMP0139,Operations,Analyst,Houston,23,2943.424956002176,127.97499808705112,DEV0097
EMP0180,Engineering,Analyst,Dallas,23,4233.325458390726,184.05762862568375,DEV0143
EMP0002,Finance,Manager,College Station,22,3861.7776143064825,175.5353461048401,DEV0053
EMP0004,Engineering,Researcher,Dallas,22,3946.2608663186124,179.3754939235733,DEV0044
EMP0404,Marketing,Researcher,Dallas,22,3573.594413502014,162.436109704637,DEV0077
EMP0159,Finance,Engineer,Austin,22,3821.074194018994,173.685190637227,DEV0005
EMP0235,Research,Analyst,Dallas,22,3701.8329861978946,168.26513573626792,DEV0023
EMP0240,Engineering,Engineer,College Station,22,6632.900227174811,301.4954648715823,DEV0046
EMP0197,Research,Engineer,Dallas,22,5018.095330017592,228.09524227352688,DEV0033
EMP0043,Marketing,Manager,Houston,22,2646.8067457501597,120.30939753409817,DEV0007
EMP0360,Engineering,Analyst,Dallas,22,6398.673570663839,290.84879866653813,DEV0005
EMP0143,Operations,Coordinator,Dallas,22,3586.741041117825,163.03368368717386,DEV0116
EMP0136,Engineering,Analyst,College Station,22,5997.114317457958,272.5961053389981,DEV0142
EMP0164,Engineering,Researcher,Austin,22,5027.864438999081,228.53929268177643,DEV0014
EMP0399,Operations,Engineer,Dallas,22,6248.685414292258,284.03115519510266,DEV0124
EMP0401,Engineering,Manager,College Station,22,5352.916579492627,243.31438997693758,DEV0002
EMP0150,Finance,Researcher,Houston,22,3410.9776392681338,155.04443814855154,DEV0113
EMP0331,Engineering,Coordinator,Houston,22,5363.662119428024,243.80282361036473,DEV0111
EMP0286,HR,Manager,Dallas,22,5823.583609846099,264.7083459020954,DEV0135
EMP0093,Marketing,Engineer,College Station,22,8182.209524336062,371.91861474254824,DEV0211
EMP0274,Marketing,Manager,Dallas,22,4363.107518939045,198.32306904268387,DEV0163
EMP0383,Finance,Researcher,Houston,22,5045.529302611803,229.34224102780925,DEV0183
EMP0394,Finance,Coordinator,College Station,22,3981.1785173625676,180.96265988011672,DEV0131
EMP0027,Marketing,Researcher,Houston,22,4102.914011502554,186.49609143193427,DEV0103
EMP0025,Research,Analyst,Austin,22,3870.23991727239,175.9199962396541,DEV0116
EMP0087,Engineering,Analyst,Austin,22,4733.175794476551,215.1443542943887,DEV0003
EMP0118,Marketing,Analyst,Dallas,22,3560.1272112501247,161.82396414773294,DEV0001
EMP0250,HR,Manager,Houston,22,3468.0618060022957,157.63917300010436,DEV0023
EMP0198,Research,Researcher,Dallas,22,3644.738791029444,165.66994504679292,DEV0193
EMP0149,Research,Analyst,College Station,22,4071.578278419354,185.07173992815245,DEV0011
EMP0344,Engineering,Engineer,Houston,22,4136.799573368147,188.0363442440067,DEV0026
EMP0060,Marketing,Engineer,College Station,22,5150.208781125011,234.10039914204597,DEV0111
EMP0059,Operations,Researcher,Austin,22,4054.459784120233,184.2936265509197,DEV0101
EMP0106,Research,Analyst,Dallas,22,4303.369292396458,195.6076951089299,DEV0041
EMP0070,Finance,Researcher,Dallas,22,4252.76702419192,193.30759200872365,DEV0012
EMP0260,Marketing,Manager,Houston,22,3937.5622160302146,178.9801007286461,DEV0253
EMP0006,Operations,Engineer,Dallas,21,4258.770170668166,202.798579555627,DEV0135
EMP0075,Operations,Manager,College Station,21,3932.771576552542,187.27483697869246,DEV0192
EMP0016,Marketing,Researcher,Austin,21,6351.4572182373,302.45034372558575,DEV0171
EMP0107,Marketing,Engineer,College Station,21,4331.650185423031,206.26905644871576,DEV0211
EMP0154,Research,Researcher,Austin,21,5109.878579986291,243.32755142791862,DEV0154
EMP0379,Finance,Coordinator,Houston,21,4074.6938817193127,194.03304198663395,DEV0234
EMP0380,Engineering,Engineer,College Station,21,4838.427473551832,230.40130826437294,DEV0256
EMP0158,Research,Coordinator,Houston,21,4132.036924898615,196.76366309041026,DEV0163
EMP0026,Engineering,Analyst,College Station,21,4359.794074477021,207.6092416417629,DEV0182
EMP0012,Operations,Manager,Dallas,21,5239.613226856755,249.5053917550836,DEV0031
EMP0103,Marketing,Manager,Austin,21,4801.354965741272,228.6359507495844,DEV0161
EMP0134,Operations,Engineer,Dallas,21,3906.543306565658,186.0258717412218,DEV0115
EMP0193,Engineering,Engineer,Austin,21,3827.5481484616516,182.26419754579294,DEV0024
EMP0192,Research,Analyst,Dallas,21,4162.650651206279,198.22145958125137,DEV0176
EMP0310,Marketing,Researcher,College Station,21,6313.570670999492,300.6462224285472,DEV0002
EMP0308,Engineering,Analyst,College Station,21,4072.3349604147406,193.92071240070194,DEV0073
EMP0223,Operations,Coordinator,Houston,21,4523.061149944784,215.38386428308496,DEV0234
EMP0324,Research,Engineer,College Station,21,3283.7364455057864,156.36840216694222,DEV0260
EMP0229,Finance,Researcher,College Station,21,3546.5901391323596,168.88524472058856,DEV0011
EMP0217,Operations,Analyst,Houston,21,3503.3377872066435,166.82560891460207,DEV0001
EMP0089,Finance,Engineer,Houston,21,2550.2431194017313,121.44014854293958,DEV0183
EMP0280,Engineering,Manager,Houston,21,3712.327032912761,176.77747775775052,DEV0004
EMP0278,Research,Manager,Austin,21,4764.96398609998,226.9030469571419,DEV0019
EMP0393,Research,Researcher,Dallas,21,4897.1234085608485,233.19635278861182,DEV0007
EMP0023,Engineering,Analyst,Houston,21,4971.624196589535,236.74400936140643,DEV0009
EMP0294,Operations,Engineer,Houston,21,4137.260407665452,197.0124003650215,DEV0211
EMP0288,Engineering,Manager,College Station,21,3845.0238805884997,183.09637526611903,DEV0001
EMP0084,Engineering,Coordinator,Dallas,21,6983.435644118945,332.5445544818545,DEV0031
EMP0086,Engineering,Manager,Austin,21,3952.0331924864086,188.19205678506708,DEV0001
EMP0184,Engineering,Coordinator,Austin,21,3295.923280069093,156.94872762233777,DEV0016
EMP0173,Marketing,Researcher,Houston,21,2688.51481353451,128.02451493021476,DEV0192
EMP0175,Operations,Engineer,Austin,21,5062.645856998548,241.078374142788,DEV0063
EMP0196,Operations,Engineer,Austin,21,4793.634260013472,228.26829809587963,DEV0032
EMP0397,Engineering,Manager,Austin,21,4901.278332503424,233.39420630968687,DEV0012
EMP0168,Research,Coordinator,Dallas,21,3979.312379871376,189.49106570816076,DEV0122
EMP0326,Finance,Coordinator,Dallas,21,5211.5160183035405,248.16742944302572,DEV0144
EMP0157,Research,Researcher,Dallas,20,3624.5536683170585,181.22768341585294,DEV0150
EMP0304,Engineering,Researcher,College Station,20,4748.417815226783,237.42089076133917,DEV0073
EMP0302,Operations,Manager,College Station,20,4626.918201627268,231.3459100813634,DEV0006
EMP0071,Engineering,Analyst,Austin,20,4085.9629833723748,204.29814916861875,DEV0010
EMP0153,Marketing,Engineer,College Station,20,7594.087742666815,379.70438713334073,DEV0003
EMP0406,Engineering,Manager,Dallas,20,3557.383716554409,177.86918582772046,DEV0253
EMP0410,Finance,Engineer,Austin,20,4647.62034326014,232.381017163007,DEV0147
EMP0321,Marketing,Coordinator,Houston,20,4545.877560809724,227.2938780404862,DEV0205
EMP0356,Finance,Researcher,Dallas,20,4742.724747007602,237.1362373503801,DEV0006
EMP0194,Engineering,Analyst,Austin,20,4008.3408957381853,200.41704478690926,DEV0163
EMP0357,Operations,Coordinator,Dallas,20,4775.8696664736,238.79348332368,DEV0222
EMP0208,Marketing,Engineer,Dallas,20,5079.041657230973,253.95208286154866,DEV0195
EMP0132,Research,Researcher,College Station,20,4015.436270262711,200.77181351313556,DEV0001
EMP0088,Operations,Manager,Austin,20,3188.803857151008,159.4401928575504,DEV0012
EMP0090,Research,Analyst,Austin,20,3298.157753560012,164.9078876780006,DEV0031
EMP0418,Research,Engineer,Houston,20,6148.812108712994,307.4406054356497,DEV0131
EMP0276,Research,Manager,Austin,20,4210.579081149864,210.5289540574932,DEV0026
EMP0110,Research,Researcher,Austin,20,2975.527116937682,148.7763558468841,DEV0011
EMP0391,Operations,Coordinator,Dallas,20,3656.3254354528617,182.8162717726431,DEV0006
EMP0015,Finance,Coordinator,College Station,20,10163.126361120103,508.15631805600515,DEV0142
EMP0266,Engineering,Analyst,Houston,20,4188.69632715678,209.434816357839,DEV0011
EMP0124,Engineering,Manager,Dallas,20,3810.08734097352,190.504367048676,DEV0005
EMP0120,Finance,Manager,College Station,20,4367.2327868574985,218.36163934287492,DEV0102
EMP0122,Marketing,Researcher,Dallas,20,3560.924014309598,178.0462007154799,DEV0212
EMP0121,Marketing,Analyst,Houston,20,4715.100147928146,235.75500739640728,DEV0006
EMP0185,Finance,Coordinator,College Station,20,3516.675625361647,175.83378126808233,DEV0007
EMP0395,Research,Analyst,Dallas,20,3066.295365015442,153.3147682507721,DEV0082
EMP0327,Engineering,Coordinator,Houston,20,2943.834931597288,147.1917465798644,DEV0006
EMP0036,Engineering,Researcher,College Station,20,5045.989750772853,252.29948753864264,DEV0031
EMP0058,Finance,Manager,Austin,20,3938.2125966115464,196.9106298305773,DEV0082
EMP0062,Marketing,Analyst,College Station,20,3295.8015307769915,164.79007653884958,DEV0021
EMP0161,Marketing,Engineer,Austin,20,7380.374760415393,369.01873802076966,DEV0013
EMP0176,Finance,Engineer,College Station,20,4216.703484758115,210.83517423790576,DEV0007
EMP0129,Finance,Researcher,College Station,20,2738.5540211616008,136.92770105808003,DEV0001
EMP0155,Operations,Coordinator,Austin,19,4867.321620421455,256.174822127445,DEV0019
EMP0420,Engineering,Engineer,Austin,19,3240.2409376081746,170.5389967162197,DEV0093
EMP0407,HR,Manager,Austin,19,4614.789326855142,242.88364878184956,DEV0063
EMP0044,Marketing,Coordinator,Dallas,19,4874.484236488795,256.55180192046294,DEV0001
EMP0038,Research,Analyst,Dallas,19,2946.7851094600896,155.0939531294784,DEV0051
EMP0182,Research,Analyst,College Station,19,3262.2140197678723,171.69547472462486,DEV0191
EMP0169,Operations,Coordinator,Houston,19,2993.6445741570446,157.56024074510762,DEV0146
EMP0231,HR,Coordinator,Dallas,19,4315.201903532987,227.11588965963088,DEV0001
EMP0236,Engineering,Engineer,College Station,19,2257.6336087401496,118.82282151263945,DEV0147
EMP0241,Engineering,Manager,Austin,19,5121.288658809809,269.541508358411,DEV0001
EMP0239,Engineering,Manager,Austin,19,2814.8360605006887,148.14926634214152,DEV0021
EMP0243,HR,Coordinator,Houston,19,3765.0153402639025,198.15870211915276,DEV0214
EMP0335,Engineering,Coordinator,College Station,19,2937.791947667862,154.62062882462433,DEV0001
EMP0325,Finance,Manager,Austin,19,3435.2894405402417,180.80470739685484,DEV0212
EMP0244,Engineering,Researcher,Austin,19,3802.2050994908295,200.1160578679384,DEV0072
EMP0214,Research,Analyst,Austin,19,3747.5980306486053,197.24200161308448,DEV0212
EMP0215,Marketing,Analyst,Austin,19,3366.6640395289555,177.19284418573451,DEV0001
EMP0057,Research,Researcher,Houston,19,3085.0918906289016,162.37325740152113,DEV0001
EMP0065,HR,Manager,Houston,19,2592.757571116967,136.46092479562984,DEV0252
EMP0205,Engineering,Researcher,Houston,19,3973.1425375160184,209.11276513242203,DEV0260
EMP0337,Operations,Engineer,Austin,19,2517.274395638186,132.48812608622032,DEV0043
EMP0042,Marketing,Manager,Austin,19,3336.1937131547975,175.58914279762092,DEV0009
EMP0191,Finance,Analyst,Dallas,19,3263.2989022601655,171.7525738031666,DEV0002
EMP0092,Operations,Manager,College Station,19,3577.384172528463,188.28337750149805,DEV0015
EMP0097,Research,Coordinator,Austin,19,4389.620564608163,231.03266129516646,DEV0233
EMP0252,HR,Analyst,College Station,19,5217.321693723026,274.5958786170014,DEV0171
EMP0259,Operations,Analyst,Austin,19,4856.316422757097,255.59560119774196,DEV0011
EMP0104,Research,Researcher,College Station,19,8892.674249008924,468.0354867899434,DEV0011
EMP0117,Research,Researcher,College Station,19,2740.990314453189,144.2626481291152,DEV0002
EMP0300,Finance,Researcher,Austin,19,4120.061067103582,216.84531932124116,DEV0033
EMP0127,Operations,Coordinator,Houston,19,2729.8348948405705,143.67552078108267,DEV0022
EMP0098,Finance,Analyst,Houston,19,3956.639343818688,208.24417599045725,DEV0144
EMP0298,Engineering,Analyst,Houston,19,4096.247507980496,215.59197410423664,DEV0001
EMP0077,Engineering,Engineer,Houston,19,5966.046067535851,314.00242460715003,DEV0013
EMP0081,Engineering,Researcher,College Station,19,2578.1150632045683,135.69026648445097,DEV0002
EMP0279,Engineering,Researcher,Dallas,19,3854.172694283183,202.85119443595698,DEV0003
EMP0295,HR,Coordinator,Dallas,19,3022.6687279611815,159.0878277874306,DEV0153
EMP0297,Finance,Coordinator,Dallas,19,3395.4317861079317,178.70693611094376,DEV0003
EMP0385,Operations,Engineer,Dallas,19,4919.1821830667295,258.9043254245647,DEV0253
EMP0033,Finance,Coordinator,College Station,18,3688.282336426262,204.90457424590346,DEV0131
EMP0022,Research,Engineer,Dallas,18,2078.772116644576,115.48733981358754,DEV0023
EMP0402,Operations,Coordinator,Houston,18,3430.1169500006727,190.56205277781515,DEV0011
EMP0270,Finance,Analyst,College Station,18,3768.5625158716884,209.3645842150938,DEV0025
EMP0245,Operations,Researcher,College Station,18,2940.750714400574,163.37503968892077,DEV0002
EMP0290,Operations,Analyst,College Station,18,3152.0235732571286,175.11242073650715,DEV0062
EMP0080,Operations,Coordinator,Dallas,18,3053.1160437080594,169.61755798378107,DEV0002
EMP0116,Marketing,Researcher,Austin,18,5711.5478930391355,317.308216279952,DEV0113
EMP0285,Marketing,Manager,College Station,18,2986.762805582708,165.9312669768171,DEV0062
EMP0374,Marketing,Coordinator,Dallas,18,4991.233311567774,277.290739531543,DEV0015
EMP0189,HR,Researcher,College Station,18,5073.4122614725475,281.8562367484749,DEV0231
EMP0190,Engineering,Coordinator,Austin,18,2969.0686068476966,164.94825593598316,DEV0039
EMP0210,Marketing,Analyst,Dallas,18,3717.240509389137,206.51336163272984,DEV0003
EMP0339,Research,Analyst,Austin,18,2465.7481492600796,136.98600829222664,DEV0001
EMP0345,Marketing,Manager,College Station,18,4579.57267387609,254.42070410422724,DEV0071
EMP0055,Engineering,Manager,College Station,18,4936.997395039731,274.27763305776284,DEV0252
EMP0334,Engineering,Manager,College Station,18,7599.7112134238905,422.20617852354945,DEV0073
EMP0207,Engineering,Analyst,Houston,18,6384.213206549495,354.67851147497197,DEV0182
EMP0318,Engineering,Coordinator,College Station,18,2722.296940127135,151.23871889595193,DEV0005
EMP0332,Research,Engineer,College Station,18,3687.506506557887,204.86147258654927,DEV0164
EMP0142,Marketing,Analyst,Houston,18,4929.718775619037,273.8732653121687,DEV0033
EMP0351,Research,Engineer,College Station,18,3646.2152882194596,202.5675160121922,DEV0015
EMP0166,Research,Researcher,Dallas,18,6098.656123669777,338.8142290927654,DEV0093
EMP0165,Research,Engineer,Houston,18,4038.6876921602343,224.37153845334635,DEV0147
EMP0179,Marketing,Analyst,Houston,18,2959.017110145855,164.3898394525475,DEV0057
EMP0403,Research,Analyst,Austin,18,2954.2158032929246,164.12310018294025,DEV0042
EMP0160,Marketing,Manager,Dallas,18,5336.035075026151,296.44639305700844,DEV0025
EMP0183,Engineering,Manager,Austin,18,3544.2557776328104,196.90309875737836,DEV0003
EMP0373,Operations,Coordinator,Houston,18,3506.334055724725,194.7963364291514,DEV0152
EMP0415,Marketing,Engineer,Austin,18,3348.218678910876,186.012148828382,DEV0067
EMP0151,Operations,Coordinator,Houston,17,2314.397792619155,136.14104662465618,DEV0005
EMP0359,Finance,Manager,Dallas,17,3588.377783490571,211.08104608768065,DEV0020
EMP0400,Operations,Coordinator,Houston,17,3868.6936524246375,227.5702148485081,DEV0173
EMP0209,Marketing,Manager,Houston,17,3941.479896636981,231.85175862570475,DEV0256
EMP0133,Engineering,Engineer,Houston,17,5243.940078509504,308.46706344173555,DEV0003
EMP0361,Engineering,Analyst,College Station,17,4345.996909681088,255.64687704006403,DEV0012
EMP0376,Marketing,Coordinator,College Station,17,2927.4773881634305,172.2045522449077,DEV0041
EMP0366,Marketing,Analyst,Dallas,17,3885.6460868997783,228.56741687645754,DEV0014
EMP0206,HR,Researcher,College Station,17,2821.329770896921,165.96057475864242,DEV0008
EMP0317,Operations,Manager,Austin,17,2555.479741103961,150.3223377119977,DEV0012
EMP0186,HR,Manager,Houston,17,3842.097257615231,226.00572103619004,DEV0223
EMP0281,Operations,Engineer,Houston,17,4406.6905127649925,259.217088986176,DEV0003
EMP0417,Research,Engineer,College Station,17,2781.371903202776,163.61011195310448,DEV0007
EMP0109,Finance,Coordinator,College Station,17,3293.365909137143,193.72740641983194,DEV0012
EMP0265,Engineering,Researcher,Austin,17,3665.1105339611113,215.59473729183009,DEV0073
EMP0014,Finance,Manager,Dallas,17,2490.658824782569,146.50934263426876,DEV0014
EMP0263,Engineering,Coordinator,Austin,17,2897.0671068234315,170.4157121660842,DEV0013
EMP0115,Operations,Analyst,Dallas,16,2814.046204914692,175.87788780716826,DEV0145
EMP0389,Research,Engineer,College Station,16,3408.2563622672023,213.01602264170015,DEV0093
EMP0388,HR,Engineer,Austin,16,2549.806036038678,159.36287725241738,DEV0012
EMP0007,Marketing,Analyst,Dallas,16,4475.7446860178325,279.73404287611453,DEV0043
EMP0021,Engineering,Researcher,Dallas,16,2459.941398582938,153.74633741143361,DEV0001
EMP0342,Marketing,Manager,Houston,16,3192.9926306634693,199.56203941646683,DEV0214
EMP0199,Engineering,Researcher,Austin,16,3741.7739275431904,233.8608704714494,DEV0012
EMP0368,Research,Engineer,College Station,16,5403.427154995126,337.7141971871954,DEV0005
EMP0405,Marketing,Engineer,Austin,16,3042.405721493156,190.15035759332224,DEV0039
EMP0364,Finance,Analyst,Austin,16,3108.7616008803434,194.29760005502146,DEV0077
EMP0354,Research,Coordinator,Houston,16,2957.3187164343194,184.83241977714496,DEV0022
EMP0045,Marketing,Manager,Dallas,16,2485.177218478633,155.32357615491458,DEV0236
EMP0170,HR,Manager,College Station,16,2704.3607549072685,169.02254718170428,DEV0019
EMP0028,Marketing,Coordinator,College Station,16,2017.425229775658,126.08907686097862,DEV0092
EMP0001,Engineering,Researcher,College Station,16,3039.8303951949356,189.98939969968347,DEV0172
EMP0225,HR,Coordinator,Dallas,16,2852.0643127668463,178.2540195479279,DEV0083
EMP0246,HR,Engineer,College Station,16,3925.356398967976,245.3347749354985,DEV0205
EMP0119,Operations,Coordinator,Dallas,16,5003.5239627438905,312.72024767149315,DEV0005
EMP0247,Engineering,Engineer,Houston,16,1973.8076077107303,123.36297548192064,DEV0002
EMP0384,Engineering,Analyst,Houston,16,2732.2722767085916,170.76701729428697,DEV0121
EMP0032,Research,Engineer,College Station,16,2689.966648621492,168.12291553884324,DEV0122
EMP0230,Operations,Coordinator,Houston,16,2716.569877651967,169.78561735324794,DEV0022
EMP0096,Marketing,Researcher,College Station,16,2624.1703482716475,164.01064676697797,DEV0022
EMP0029,Engineering,Engineer,Dallas,15,3184.3523757194916,212.29015838129945,DEV0021
EMP0226,HR,Engineer,Austin,15,2876.4534845899257,191.7635656393284,DEV0144
EMP0130,Engineering,Analyst,College Station,15,2539.602513510091,169.30683423400606,DEV0003
EMP0284,Operations,Manager,Houston,15,2901.2431809088926,193.41621206059284,DEV0175
EMP0111,Finance,Researcher,Dallas,15,2890.858611623649,192.72390744157659,DEV0025
EMP0010,Engineering,Researcher,Dallas,15,2549.021884134244,169.93479227561627,DEV0022
EMP0156,Marketing,Analyst,Dallas,15,4373.949412839354,291.59662752262363,DEV0001
EMP0398,Engineering,Manager,Houston,15,4309.352632494243,287.2901754996162,DEV0004
EMP0100,Operations,Coordinator,Austin,15,3332.928323116223,222.19522154108154,DEV0090
EMP0261,Finance,Researcher,College Station,15,2686.0645250065973,179.07096833377315,DEV0001
EMP0074,Operations,Researcher,Dallas,15,3617.9063354228374,241.19375569485584,DEV0222
EMP0102,Engineering,Engineer,Austin,15,3187.5687412920342,212.5045827528023,DEV0073
EMP0264,Operations,Coordinator,College Station,15,5577.166356457323,371.8110904304882,DEV0093
EMP0082,Research,Researcher,Houston,15,2805.312816781229,187.02085445208192,DEV0113
EMP0353,Marketing,Analyst,Dallas,15,5057.325117250803,337.1550078167202,DEV0217
EMP0322,Engineering,Coordinator,Dallas,15,2162.2186005313006,144.14790670208671,DEV0233
EMP0381,Engineering,Coordinator,Dallas,15,2697.0427981622074,179.80285321081382,DEV0041
EMP0242,Marketing,Manager,Austin,15,3164.5479952568076,210.96986635045383,DEV0002
EMP0083,Finance,Researcher,Houston,15,2134.8750626001074,142.3250041733405,DEV0032
EMP0234,Engineering,Researcher,Austin,15,2684.4856451222295,178.9657096748153,DEV0006
EMP0063,Engineering,Manager,College Station,15,3621.650110856306,241.44334072375375,DEV0024
EMP0341,HR,Manager,Austin,14,2862.9596486474793,204.49711776053422,DEV0050
EMP0020,Research,Manager,College Station,14,2916.695001501155,208.3353572500825,DEV0001
EMP0387,Engineering,Engineer,College Station,14,2675.0745063362515,191.07675045258938,DEV0021
EMP0237,Engineering,Analyst,Houston,14,2615.3766424000096,186.8126173142864,DEV0121
EMP0222,Engineering,Manager,College Station,14,1771.4750609675352,126.53393292625252,DEV0051
EMP0167,Research,Manager,Dallas,14,3020.6906067556492,215.76361476826065,DEV0003
EMP0195,Marketing,Researcher,Austin,14,2939.1310724597834,209.93793374712737,DEV0019
EMP0061,Marketing,Manager,Austin,14,1386.1746284012759,99.012473457234,DEV0003
EMP0233,Research,Coordinator,Austin,14,1859.688748340859,132.83491059577565,DEV0031
EMP0146,Engineering,Coordinator,Austin,14,2083.977128153005,148.85550915378607,DEV0033
EMP0049,Marketing,Analyst,Dallas,14,3275.9735451346173,233.99811036675837,DEV0006
EMP0052,Marketing,Coordinator,Houston,14,5894.571169098492,421.0407977927494,DEV0122
EMP0203,Research,Coordinator,Austin,13,2159.751761688412,166.1347508991086,DEV0033
EMP0292,Engineering,Manager,Austin,13,2474.165502466288,190.32042326663756,DEV0013
EMP0251,Marketing,Manager,Houston,13,3076.6148709736663,236.6626823825897,DEV0022
EMP0349,HR,Engineer,Dallas,13,3308.812591185295,254.52404547579192,DEV0004
EMP0009,Engineering,Engineer,Austin,12,1626.8324608206242,135.56937173505202,DEV0003
EMP0333,Research,Manager,Dallas,12,2624.249261077316,218.68743842310968,DEV0003
EMP0306,Research,Manager,Houston,12,3070.7255077765926,255.89379231471605,DEV0001
EMP0253,Engineering,Coordinator,Houston,12,3516.7099325223858,293.05916104353213,DEV0023
EMP0105,Operations,Engineer,College Station,12,4584.23802877211,382.01983573100915,DEV0011
EMP0204,Operations,Researcher,College Station,12,1815.5950020987161,151.29958350822633,DEV0003
EMP0269,HR,Coordinator,Austin,11,1594.209737828079,144.9281579843708,DEV0058
EMP0409,Research,Engineer,Dallas,11,2501.4587357452056,227.4053396132005,DEV0041
EMP0336,Engineering,Researcher,Dallas,8,1028.9103635956544,128.6137954494568,DEV0017
